player,ipo_price,final_payout,roi,name,position,fantasy_points_scored,sector_code,date,num_pos,num_neg,num_neutral,sum_sent_score,total_tweets,avg_sent_score,pos_perc,neg_perc,neutral_perc,lag_sum_sent_score,lag_avg_sent_score,lag_total_tweets,lag_pos_perc
James Harden,12.13,20,0.6488046166529265,NBA Daily Main Market 10/24,SG,61.75,NBA,2022-10-24,427,907,27,-63.6661241763107,1361,-0.046778930327928514,0.31373989713445993,0.6664217487141807,0.019838354151359296,-16.9529038015284,-0.04788955876137966,354,0.327683615819209
RJ Barrett,5.59,3,-0.46332737030411447,NBA Daily Main Market 10/24,SG,26,NBA,2022-10-24,167,159,98,-6.88758789475215,424,-0.016244311072528654,0.3938679245283019,0.375,0.23113207547169812,0.907762229161948,0.0226940557290487,40,0.5
Bam Adebayo,6.09,4.75,-0.22003284072249588,NBA Daily Main Market 10/24,C,32,NBA,2022-10-24,58,44,32,2.31399755947519,134,0.017268638503546194,0.43283582089552236,0.3283582089552239,0.23880597014925373,-0.689478708151883,-0.031339941279631044,22,0.4090909090909091
Jimmy Butler,8.05,7.5,-0.06832298136645971,NBA Daily Main Market 10/24,SF,42,NBA,2022-10-24,320,82,1,48.0132088143364,403,0.1191394759660953,0.794044665012407,0.20347394540942929,0.0024813895781637717,23.2335309189642,0.1350786681335128,172,0.7965116279069767
Kyrie Irving,8.45,18,1.1301775147928996,NBA Daily Main Market 10/24,PG,61.5,NBA,2022-10-24,148,140,162,1.26381685549654,450,0.0028084819011034226,0.3288888888888889,0.3111111111111111,0.36,4.24064563069954,0.030075500926947094,141,0.3475177304964539
Kevin Durant,11.48,14,0.21951219512195116,NBA Daily Main Market 10/24,SF,50.75,NBA,2022-10-24,314,221,233,17.8370622115763,768,0.023225341421323306,0.4088541666666667,0.2877604166666667,0.3033854166666667,8.88408197004347,0.03748557793267287,237,0.4430379746835443
Jayson Tatum,11.26,8,-0.2895204262877442,NBA Daily Main Market 10/24,SF,43,NBA,2022-10-24,428,234,418,37.0308115278993,1080,0.034287788451758616,0.3962962962962963,0.21666666666666667,0.387037037037037,33.7226692968667,0.06677756296409247,505,0.5306930693069307
Jaylen Brown,8.22,4.5,-0.4525547445255475,NBA Daily Main Market 10/24,SF,31.5,NBA,2022-10-24,396,217,239,51.344205220537,852,0.06026315166729695,0.4647887323943662,0.2546948356807512,0.2805164319248826,7.73298511178212,0.04495921576617511,172,0.43023255813953487
Tyrese Haliburton,7.65,7.25,-0.05228758169934645,NBA Daily Main Market 10/24,PG,40.5,NBA,2022-10-24,93,56,54,6.43020260419861,203,0.0316758748975301,0.458128078817734,0.27586206896551724,0.2660098522167488,4.04468124855944,0.04444704668746638,91,0.5054945054945055
Joel Embiid,13.76,7.75,-0.4367732558139535,NBA Daily Main Market 10/24,C,42.75,NBA,2022-10-24,156,113,48,5.04271712716429,317,0.015907625006827415,0.4921135646687697,0.35646687697160884,0.15141955835962145,1.7111149679076,0.008346902282476098,205,0.45365853658536587
DeMar DeRozan,7.96,6.84,-0.14070351758793972,NBA Daily Main Market 10/24,SG,38.75,NBA,2022-10-24,80,32,42,8.06296644676414,154,0.05235692497898792,0.5194805194805194,0.2077922077922078,0.2727272727272727,3.36295670643527,0.04101166715164963,82,0.5609756097560976
Damian Lillard,9,15,0.6666666666666666,NBA Daily Main Market 10/24,PG,55.5,NBA,2022-10-24,268,140,223,22.7228227138133,631,0.03601081254170095,0.4247226624405705,0.2218700475435816,0.35340729001584786,-4.54301200594551,-0.0030510490301850304,1489,0.25654801880456685
Rudy Gobert,8.42,3.7,-0.5605700712589073,NBA Daily Main Market 10/24,C,27.75,NBA,2022-10-24,95,87,62,-1.40716879372573,244,-0.005767085220187418,0.38934426229508196,0.35655737704918034,0.2540983606557377,4.75925369296942,0.019037014771877678,250,0.436
Marcus Smart,3.75,4.13,0.1013333333333333,NBA Daily Main Market 10/24,PG,30.75,NBA,2022-10-24,295,77,17,57.3214538644777,389,0.147355922530791,0.7583547557840618,0.19794344473007713,0.043701799485861184,27.5643016721988,0.15485562737190336,178,0.7921348314606742
Anthony Edwards,7.13,1.08,-0.8485273492286115,NBA Daily Main Market 10/24,SG,17.5,NBA,2022-10-24,160,141,177,-2.87451356652607,478,-0.006013626708213536,0.33472803347280333,0.29497907949790797,0.3702928870292887,5.25936236960569,0.014176178893815877,371,0.3638814016172507
Ja Morant,11.95,25,1.092050209205021,NBA Daily Main Market 10/24,PG,63,NBA,2022-10-24,707,518,559,28.1523598400165,1784,0.015780470762341087,0.3963004484304933,0.29035874439461884,0.3133408071748879,18.065352844311,0.04050527543567489,446,0.5
Karl-Anthony Towns,8.55,10,0.1695906432748537,NBA Daily Main Market 10/24,C,46.25,NBA,2022-10-24,28,21,18,0.252789021821832,67,0.0037729704749527165,0.417910447761194,0.31343283582089554,0.26865671641791045,-0.594097247689942,-0.009901620794832366,60,0.26666666666666666
Fred VanVleet,6.15,8.5,0.3821138211382113,NBA Daily Main Market 10/24,PG,43.5,NBA,2022-10-24,69,26,32,8.35353338224065,127,0.06577585340346968,0.5433070866141733,0.2047244094488189,0.25196850393700787,0.0716194012902424,0.0071619401290242395,10,0.3
Pascal Siakam,10.09,9,-0.10802775024777006,NBA Daily Main Market 10/24,PF,45.25,NBA,2022-10-24,108,45,72,13.1701184860046,225,0.05853385993779822,0.48,0.2,0.32,4.13889679617299,0.07525266902132709,55,0.509090909090909
Nikola Jokic,14.96,5,-0.6657754010695187,NBA Daily Main Market 10/24,C,32.75,NBA,2022-10-24,69,48,36,1.55551262815188,153,0.01016674920360706,0.45098039215686275,0.3137254901960784,0.23529411764705882,7.25046501048404,0.04166933914071287,174,0.4827586206896552
Zach LaVine,6,2.75,-0.5416666666666666,NBA Daily Main Market 10/24,SG,25,NBA,2022-10-24,109,71,51,4.66734134441519,231,0.020204940884914244,0.47186147186147187,0.30735930735930733,0.22077922077922077,-3.35234711871897,-0.031625916214329905,106,0.27358490566037735
Jamal Murray,4.09,1,-0.7555012224938875,NBA Daily Main Market 10/24,PG,8.5,NBA,2022-10-24,68,64,88,0.250636404778954,220,0.0011392563853588817,0.3090909090909091,0.2909090909090909,0.4,3.24282512368632,0.029214640753930814,111,0.4144144144144144
Bradley Beal,9.11,10.5,0.15257958287596055,NBA Daily Main Market 10/23,SG,41,NBA,2022-10-23,68,66,61,-0.12157050773762,195,-6.234385012185641e-4,0.3487179487179487,0.3384615384615385,0.3128205128205128,1.83816251846784,0.00957376311702,192,0.4427083333333333
De'Aaron Fox,10.2,15,0.47058823529411775,NBA Daily Main Market 10/23,PG,46.75,NBA,2022-10-23,NA,NA,NA,NA,NA,NA,NA,NA,NA,NA,NA,NA,NA
Klay Thompson,4.86,2.08,-0.5720164609053499,NBA Daily Main Market 10/23,SG,14.5,NBA,2022-10-23,95,70,77,3.11839461937037,242,0.012885928179216405,0.3925619834710744,0.2892561983471074,0.3181818181818182,-8.20845067299535,-0.019405320739941723,423,0.35224586288416077
Andrew Wiggins,6.85,11.5,0.6788321167883212,NBA Daily Main Market 10/23,SF,41.25,NBA,2022-10-23,96,40,117,15.3304203406595,253,0.060594546801025696,0.3794466403162055,0.15810276679841898,0.4624505928853755,11.1414969920214,0.052554231094440566,212,0.5094339622641509
Devin Booker,11.11,13,0.1701170117011702,NBA Daily Main Market 10/23,SG,45.75,NBA,2022-10-23,151,99,123,10.074144263409,373,0.027008429660613942,0.40482573726541554,0.26541554959785524,0.3297587131367292,5.32589765819816,0.020804287727336564,256,0.4140625
Stephen Curry,14,14,0,NBA Daily Main Market 10/23,PG,45.75,NBA,2022-10-23,326,220,354,22.9509415580593,900,0.025501046175621444,0.3622222222222222,0.24444444444444444,0.3933333333333333,27.9721375045039,0.033701370487354096,830,0.4506024096385542
Deandre Ayton,9.26,4.63,-0.5,NBA Daily Main Market 10/23,C,23.5,NBA,2022-10-23,25,21,31,1.80869309587983,77,0.023489520725712077,0.3246753246753247,0.2727272727272727,0.4025974025974026,-7.71437533245534,-0.03744842394395796,206,0.2815533980582524
Jordan Poole,6.13,7.25,0.18270799347471453,NBA Daily Main Market 10/23,SG,32.5,NBA,2022-10-23,159,99,132,16.1617131931994,390,0.04144029023897282,0.4076923076923077,0.25384615384615383,0.3384615384615385,-23.7004271836582,-0.0283497932818878,836,0.33133971291866027
Donovan Mitchell,12.99,20,0.5396458814472671,NBA Daily Main Market 10/23,SG,52.75,NBA,2022-10-23,674,325,549,85.6531065270428,1548,0.05533146416475633,0.4354005167958656,0.2099483204134367,0.3546511627906977,75.7637869447,0.0760680591814257,996,0.4919678714859438
Chris Paul,8.43,7.75,-0.08066429418742582,NBA Daily Main Market 10/23,PG,33,NBA,2022-10-23,258,163,180,17.67411057995,601,0.02940783790341098,0.4292845257903494,0.27121464226289516,0.2995008319467554,-6.42665266805529,-0.009722621282988337,661,0.3903177004538578
Domantas Sabonis,10.65,12,0.12676056338028166,NBA Daily Main Market 10/23,PF,43.5,NBA,2022-10-23,21,21,19,-0.047278078306324,61,-7.750504640380984e-4,0.3442622950819672,0.3442622950819672,0.3114754098360656,0.980565679862172,0.02580435999637295,38,0.5
Jarrett Allen,7.77,10,0.2870012870012871,NBA Daily Main Market 10/23,C,39,NBA,2022-10-23,96,73,70,3.97434675550878,239,0.01662906592263088,0.401673640167364,0.3054393305439331,0.2928870292887029,1.34338495298469,0.016792311912308625,80,0.45
Kawhi Leonard,5.52,4.88,-0.11594202898550719,NBA Daily Main Market 10/23,SF,24,NBA,2022-10-23,110,66,75,10.3374254584112,251,0.04118496198570199,0.43824701195219123,0.26294820717131473,0.29880478087649404,4.27351910365696,0.02273148459392,188,0.39893617021276595
Rudy Gobert,11.01,8.75,-0.20526793823796546,NBA Daily Main Market 10/23,C,37.25,NBA,2022-10-23,109,75,66,4.75925369296942,250,0.019037014771877678,0.436,0.3,0.264,0.135805496824503,4.8329358300534873e-4,281,0.42704626334519574
Shai Gilgeous-Alexander,6.66,1,-0.8498498498498499,NBA Daily Main Market 10/23,SG,0,NBA,2022-10-23,27,51,59,-5.0423665131663,137,-0.03680559498661533,0.19708029197080293,0.3722627737226277,0.4306569343065693,3.27530496136423,0.03599236221279374,91,0.37362637362637363
CJ McCollum,8.16,16,0.9607843137254901,NBA Daily Main Market 10/23,SG,49.5,NBA,2022-10-23,NA,NA,NA,NA,NA,NA,NA,NA,NA,NA,NA,NA,NA
Anthony Edwards,9.17,18,0.9629225736095965,NBA Daily Main Market 10/23,SG,50.75,NBA,2022-10-23,135,114,122,5.25936236960569,371,0.014176178893815877,0.3638814016172507,0.30727762803234504,0.3288409703504043,2.42004784740701,0.020167065395058418,120,0.43333333333333335
Karl-Anthony Towns,11.49,8,-0.3037423846823325,NBA Daily Main Market 10/23,C,33,NBA,2022-10-23,16,22,22,-0.594097247689942,60,-0.009901620794832366,0.26666666666666666,0.36666666666666664,0.36666666666666664,0.635369682729317,0.020495796217074744,31,0.45161290322580644
Brandon Ingram,10.4,2,-0.8076923076923077,NBA Daily Main Market 10/23,SF,14.25,NBA,2022-10-23,237,307,257,-28.4037443856898,801,-0.03546035503831436,0.2958801498127341,0.383270911360799,0.3208489388264669,14.3945705258559,0.07090921441308325,203,0.458128078817734
Paul George,10.75,7.5,-0.3023255813953488,NBA Daily Main Market 10/23,SF,32.75,NBA,2022-10-23,686,424,593,49.4479112685548,1703,0.029035767039668113,0.4028185554903112,0.24897240164415738,0.3482090428655314,24.2433702483801,0.03701277900516046,655,0.4122137404580153
Jimmy Butler,7.81,5.34,-0.31626120358514725,NBA Daily Main Market 10/22,SF,34.5,NBA,2022-10-22,271,91,5,36.6017476636699,367,0.0997322824623158,0.7384196185286104,0.24795640326975477,0.013623978201634877,61.384859121491,0.09916778533358804,619,0.7334410339256866
Cade Cunningham,7.59,5.17,-0.3188405797101449,NBA Daily Main Market 10/22,PG,33.5,NBA,2022-10-22,85,74,57,-1.3350906171909,216,-0.006180975079587501,0.39351851851851855,0.3425925925925926,0.2638888888888889,4.03434073964763,0.022922390566179715,176,0.4431818181818182
Jaylen Brown,7.75,2.83,-0.6348387096774194,NBA Daily Main Market 10/22,SF,28.25,NBA,2022-10-22,316,288,322,-6.17876713554207,926,-0.006672534703609147,0.3412526997840173,0.31101511879049676,0.34773218142548595,56.6319689964224,0.051436847408194736,1101,0.4287011807447775
De'Aaron Fox,7.32,11.5,0.5710382513661202,NBA Daily Main Market 10/22,PG,52.75,NBA,2022-10-22,NA,NA,NA,NA,NA,NA,NA,NA,NA,NA,NA,NA,NA
Joel Embiid,11.99,20,0.6680567139282735,NBA Daily Main Market 10/22,C,66.25,NBA,2022-10-22,217,219,94,-1.04561488029732,530,-0.0019728582647119243,0.40943396226415096,0.41320754716981134,0.17735849056603772,-0.6175136668836,-0.0012060813806320312,512,0.41796875
Luka Doncic,14.99,18,0.20080053368912607,NBA Daily Main Market 10/22,PG,63.25,NBA,2022-10-22,325,209,280,25.5887157533204,814,0.03143576873872285,0.39926289926289926,0.25675675675675674,0.343980343980344,12.5329778258115,0.0666647756692101,188,0.5478723404255319
Donovan Mitchell,8.88,13,0.46396396396396383,NBA Daily Main Market 10/22,SG,57.25,NBA,2022-10-22,490,181,325,75.7637869447,996,0.0760680591814257,0.4919678714859438,0.1817269076305221,0.32630522088353414,10.5167389183202,0.032359196671754464,325,0.46153846153846156
James Harden,11,8.5,-0.22727272727272727,NBA Daily Main Market 10/22,SG,41.25,NBA,2022-10-22,301,698,27,-72.3365760508959,1026,-0.0705034854297231,0.2933723196881092,0.6803118908382066,0.02631578947368421,-31.5003751775798,-0.03658580159997654,861,0.34959349593495936
Marcus Smart,4.22,1,-0.7630331753554502,NBA Daily Main Market 10/22,PG,17.5,NBA,2022-10-22,407,141,20,64.4011881757497,568,0.1133823735488551,0.7165492957746479,0.2482394366197183,0.035211267605633804,55.9591431829202,0.11682493357603382,479,0.7306889352818372
Giannis Antetokounmpo,16.46,25,0.5188335358444713,NBA Daily Main Market 10/22,PF,66.5,NBA,2022-10-22,109,91,49,5.5338596107555,249,0.022224335786166668,0.43775100401606426,0.3654618473895582,0.19678714859437751,7.89232820574461,0.04841919144628595,163,0.5460122699386503
Ja Morant,11,2.66,-0.7581818181818182,NBA Daily Main Market 10/22,PG,27.75,NBA,2022-10-22,749,567,457,39.8317149744169,1773,0.022465716285627126,0.4224478285391991,0.3197969543147208,0.2577552171460801,61.4171049039846,0.025537257756334555,2405,0.3841995841995842
Bam Adebayo,6.67,1,-0.8500749625187406,NBA Daily Main Market 10/22,C,19.25,NBA,2022-10-22,51,29,28,1.53838246370081,108,0.014244282071303797,0.4722222222222222,0.26851851851851855,0.25925925925925924,7.77747913244078,0.028077541994371045,277,0.44765342960288806
Fred VanVleet,5.8,2.5,-0.5689655172413793,NBA Daily Main Market 10/22,PG,27,NBA,2022-10-22,25,24,13,-1.2076992274972,62,-0.019479019798341938,0.4032258064516129,0.3870967741935484,0.20967741935483872,3.13286980287222,0.043512080595447505,72,0.4583333333333333
Jrue Holiday,7.59,10,0.31752305665349145,NBA Daily Main Market 10/22,PG,44.75,NBA,2022-10-22,206,24,1,51.9800112593775,231,0.22502169376353895,0.8917748917748918,0.1038961038961039,0.004329004329004329,21.6522492262339,0.19506530834444955,111,0.8648648648648649
Domantas Sabonis,7.77,7.5,-0.034749034749034693,NBA Daily Main Market 10/22,PF,39,NBA,2022-10-22,19,8,11,0.980565679862172,38,0.02580435999637295,0.5,0.21052631578947367,0.2894736842105263,0.133171352280564,0.026634270456112802,5,0.4
Jayson Tatum,10.2,16,0.5686274509803922,NBA Daily Main Market 10/22,SF,61.5,NBA,2022-10-22,566,213,435,66.8782539315517,1214,0.05508917127804917,0.46622734761120266,0.17545304777594728,0.35831960461285006,48.8359102560454,0.05705129702809042,856,0.4392523364485981
Shai Gilgeous-Alexander,8.77,7.25,-0.17331812998859744,NBA Daily Main Market 10/22,SG,38.75,NBA,2022-10-22,34,19,38,3.27530496136423,91,0.03599236221279374,0.37362637362637363,0.2087912087912088,0.4175824175824176,0.863230414276223,0.034529216571048925,25,0.44
Tyrese Haliburton,8.48,12,0.4150943396226414,NBA Daily Main Market 10/22,PG,53.5,NBA,2022-10-22,76,39,56,8.57187472865261,171,0.050127922389781344,0.4444444444444444,0.22807017543859648,0.32748538011695905,8.34471333957476,0.049670912735564045,168,0.5119047619047619
Jarrett Allen,5.42,1,-0.8154981549815498,NBA Daily Main Market 10/22,C,18.5,NBA,2022-10-22,36,22,22,1.34338495298469,80,0.016792311912308625,0.45,0.275,0.275,0.892989835408725,0.024805273205797916,36,0.4444444444444444
DeMar DeRozan,8.05,1.32,-0.8360248447204969,NBA Daily Main Market 10/22,SG,21.5,NBA,2022-10-22,144,137,90,1.46709996057445,371,0.0039544473330847705,0.3881401617250674,0.3692722371967655,0.24258760107816713,22.2161372854556,0.03612380046415545,615,0.4634146341463415
Pascal Siakam,8.68,11,0.2672811059907835,NBA Daily Main Market 10/22,PF,47.5,NBA,2022-10-22,112,47,56,13.1429850270802,215,0.061130162916652096,0.5209302325581395,0.2186046511627907,0.26046511627906976,17.7276167959013,0.038706586890614195,458,0.4170305676855895
Nikola Jokic,14.44,15,0.038781163434903086,NBA Daily Main Market 10/22,C,61,NBA,2022-10-22,297,171,157,25.5047965648901,625,0.04080767450382416,0.4752,0.2736,0.2512,3.55963041815525,0.021443556735875,166,0.45180722891566266
Zach LaVine,5.58,6.67,0.19534050179211468,NBA Daily Main Market 10/22,SG,37.25,NBA,2022-10-22,167,114,121,9.9919202177307,402,0.024855522929678357,0.4154228855721393,0.2835820895522388,0.3009950248756219,4.04399889248058,0.02073845585887477,195,0.40512820512820513
Jamal Murray,1.99,2.92,0.4673366834170854,NBA Daily Main Market 10/22,PG,29,NBA,2022-10-22,131,122,88,2.66167570058564,341,0.0078055005882276835,0.3841642228739003,0.35777126099706746,0.25806451612903225,-2.86219627665296,-0.011224299124129256,255,0.3764705882352941
Paul George,9.47,14,0.47835269271383307,NBA Daily Main Market 10/22,SF,60.5,NBA,2022-10-22,270,160,225,24.2433702483801,655,0.03701277900516046,0.4122137404580153,0.24427480916030533,0.3435114503816794,-5.69947835643564,-0.006283879114041499,907,0.3638368246968026
RJ Barrett,5.07,1.79,-0.6469428007889546,NBA Daily Main Market 10/21,SG,27.25,NBA,2022-10-21,89,54,63,9.92669128191516,206,0.048187821756869705,0.4320388349514563,0.2621359223300971,0.3058252427184466,0.799341165206106,0.0030862593251201,259,0.49034749034749037
Cade Cunningham,6.42,3.7,-0.4236760124610592,NBA Daily Main Market 10/21,PG,34.5,NBA,2022-10-21,78,46,52,4.03434073964763,176,0.022922390566179715,0.4431818181818182,0.26136363636363635,0.29545454545454547,5.8261453097046,0.056020627977928845,104,0.5096153846153846
Jimmy Butler,7.91,3.4,-0.5701643489254108,NBA Daily Main Market 10/21,SF,33.75,NBA,2022-10-21,454,161,4,61.384859121491,619,0.09916778533358804,0.7334410339256866,0.26009693053311794,0.006462035541195477,31.0144284532003,0.10069619627662435,308,0.7045454545454546
Bam Adebayo,5.62,4.13,-0.2651245551601424,NBA Daily Main Market 10/21,C,38,NBA,2022-10-21,124,79,74,7.77747913244078,277,0.028077541994371045,0.44765342960288806,0.2851985559566787,0.26714801444043323,1.09502751165429,0.0182504585275715,60,0.4
Kevin Durant,11.15,6.5,-0.41704035874439466,NBA Daily Main Market 10/21,SF,43.25,NBA,2022-10-21,268,182,204,19.5113458731973,654,0.02983386219143318,0.40978593272171254,0.2782874617737003,0.3119266055045872,46.4804707603955,0.06375921915006241,729,0.5308641975308642
Kyrie Irving,7.15,6.34,-0.11328671328671334,NBA Daily Main Market 10/21,PG,43.25,NBA,2022-10-21,190,129,197,11.7354001827781,516,0.02274302361003508,0.3682170542635659,0.25,0.3817829457364341,-0.124241465580552,-2.2922779627408118e-4,542,0.3413284132841328
Dejounte Murray,9,11.5,0.2777777777777778,NBA Daily Main Market 10/21,PG,49.25,NBA,2022-10-21,137,54,67,13.4302904073636,258,0.05205538917582791,0.5310077519379846,0.20930232558139536,0.25968992248062017,15.7058253394302,0.08054269404836001,195,0.6307692307692307
Andrew Wiggins,3.59,7.5,1.0891364902506964,NBA Daily Main Market 10/21,SF,45,NBA,2022-10-21,96,31,99,12.0234049897411,226,0.05320090703425266,0.4247787610619469,0.13716814159292035,0.43805309734513276,8.71564511334953,0.08544750111126989,102,0.5784313725490197
Jaylen Brown,6.39,7.75,0.21283255086071995,NBA Daily Main Market 10/21,SF,45,NBA,2022-10-21,472,214,415,56.6319689964224,1101,0.051436847408194736,0.4287011807447775,0.1943687556766576,0.37693006357856496,10.3900186042097,0.04947627906766524,210,0.4238095238095238
Bradley Beal,6.33,3.2,-0.49447077409162715,NBA Daily Main Market 10/21,SG,33.25,NBA,2022-10-21,259,172,295,7.78253725495388,726,0.01071974828506044,0.35674931129476584,0.2369146005509642,0.40633608815426997,7.06364601712819,0.059358369891833525,119,0.44537815126050423
Stephen Curry,9.23,8.5,-0.07908992416034674,NBA Daily Main Market 10/21,PG,45.75,NBA,2022-10-21,444,243,235,28.0283169021455,922,0.03039947603269577,0.48156182212581344,0.2635574837310195,0.25488069414316705,94.2385624927616,0.04025568666927023,2341,0.4574967962409227
Klay Thompson,2.03,1,-0.5073891625615763,NBA Daily Main Market 10/21,SG,23,NBA,2022-10-21,194,114,74,23.4638885632559,382,0.06142379205040811,0.5078534031413613,0.29842931937172773,0.193717277486911,1.69220376035401,0.005512064365973974,307,0.4169381107491857
Jayson Tatum,9.5,6.84,-0.28,NBA Daily Main Market 10/21,SF,44.25,NBA,2022-10-21,376,154,326,48.8359102560454,856,0.05705129702809042,0.4392523364485981,0.17990654205607476,0.3808411214953271,9.33321069104682,0.026514803099564832,352,0.34375
Devin Booker,8.25,7.25,-0.12121212121212122,NBA Daily Main Market 10/21,SG,44.75,NBA,2022-10-21,107,39,83,12.9579618434399,229,0.056584986215894764,0.4672489082969432,0.1703056768558952,0.3624454148471616,34.7513381422872,0.046961267759847575,740,0.44054054054054054
Jordan Poole,3.59,1,-0.7214484679665738,NBA Daily Main Market 10/21,SG,21.25,NBA,2022-10-21,183,199,185,-2.81287928738289,567,-0.004960986397500688,0.32275132275132273,0.3509700176366843,0.3262786596119929,6.23370476456893,0.014984867222521467,416,0.41346153846153844
Tyrese Haliburton,8.25,10,0.21212121212121213,NBA Daily Main Market 10/21,PG,47.75,NBA,2022-10-21,86,35,47,8.34471333957476,168,0.049670912735564045,0.5119047619047619,0.20833333333333334,0.27976190476190477,6.19990023806114,0.0815776347113308,76,0.5921052631578947
Deandre Ayton,5.02,4.38,-0.1274900398406374,NBA Daily Main Market 10/21,C,38.5,NBA,2022-10-21,42,32,29,1.04246816092604,103,0.010121050106078059,0.4077669902912621,0.3106796116504854,0.2815533980582524,4.10414812744879,0.030177559760652867,136,0.4411764705882353
Damian Lillard,6.47,16,1.4729520865533232,NBA Daily Main Market 10/21,PG,56.25,NBA,2022-10-21,145,61,198,16.2222890487929,404,0.04015418081384381,0.3589108910891089,0.15099009900990099,0.4900990099009901,5.95296037969343,0.02577039125408411,231,0.4588744588744589
Chris Paul,5.15,5.5,0.06796116504854362,NBA Daily Main Market 10/21,PG,41,NBA,2022-10-21,255,169,145,11.6996212217553,569,0.020561724467056768,0.44815465729349735,0.29701230228471004,0.2548330404217926,21.7961727766461,0.015646929487901005,1393,0.4005743000717875
DeMar DeRozan,8.86,9,0.015801354401805936,NBA Daily Main Market 10/21,SG,47.5,NBA,2022-10-21,285,159,171,22.2161372854556,615,0.03612380046415545,0.4634146341463415,0.25853658536585367,0.2780487804878049,28.4057263373587,0.04974733158906953,571,0.4711033274956217
Marcus Smart,2.99,1,-0.6655518394648829,NBA Daily Main Market 10/21,PG,13.75,NBA,2022-10-21,350,117,12,55.9591431829202,479,0.11682493357603382,0.7306889352818372,0.24425887265135698,0.025052192066805846,20.5617614945721,0.10879238886016984,189,0.6878306878306878
Rudy Gobert,7.25,4.63,-0.3613793103448276,NBA Daily Main Market 10/21,C,38.75,NBA,2022-10-21,298,275,167,-2.46303963968474,740,-0.003328431945519919,0.4027027027027027,0.3716216216216216,0.22567567567567567,21.3884945754836,0.05512498601928762,388,0.5128865979381443
Ja Morant,12.35,25,1.0242914979757085,NBA Daily Main Market 10/21,PG,74.5,NBA,2022-10-21,924,660,821,61.4171049039846,2405,0.025537257756334555,0.3841995841995842,0.27442827442827444,0.3413721413721414,47.9996727311406,0.05417570285681783,886,0.5022573363431151
CJ McCollum,5.44,2.66,-0.5110294117647058,NBA Daily Main Market 10/21,SG,32,NBA,2022-10-21,NA,NA,NA,NA,NA,NA,NA,NA,NA,NA,NA,NA,NA
Fred VanVleet,5.23,13,1.4856596558317399,NBA Daily Main Market 10/21,PG,51.75,NBA,2022-10-21,33,14,25,3.13286980287222,72,0.043512080595447505,0.4583333333333333,0.19444444444444445,0.3472222222222222,1.87650342384398,0.06053236851109613,31,0.7096774193548387
Anthony Edwards,5.65,4.88,-0.13628318584070803,NBA Daily Main Market 10/21,SG,39.25,NBA,2022-10-21,90,81,83,1.02768671736933,254,0.004046010698304449,0.3543307086614173,0.3188976377952756,0.32677165354330706,8.991045898473,0.054162927099234946,166,0.4457831325301205
Trae Young,8.5,6.17,-0.2741176470588235,NBA Daily Main Market 10/21,PG,43,NBA,2022-10-21,736,205,11,105.687822760057,952,0.11101662054627837,0.773109243697479,0.21533613445378152,0.011554621848739496,35.0442523225356,0.10041333043706475,349,0.7650429799426934
Karl-Anthony Towns,8.31,3.3,-0.6028880866425993,NBA Daily Main Market 10/21,C,33.5,NBA,2022-10-21,52,46,33,-0.0645484233251691,131,-4.927360559173214e-4,0.3969465648854962,0.3511450381679389,0.25190839694656486,2.98745991759469,0.050634913857537114,59,0.4915254237288136
Pascal Siakam,8.19,20,1.4420024420024422,NBA Daily Main Market 10/21,PF,69.5,NBA,2022-10-21,191,122,145,17.7276167959013,458,0.038706586890614195,0.4170305676855895,0.2663755458515284,0.3165938864628821,4.15094710224576,0.0553459613632768,75,0.5866666666666667
Nikola Jokic,15.5,15,-0.03225806451612903,NBA Daily Main Market 10/21,C,54,NBA,2022-10-21,75,48,43,3.55963041815525,166,0.021443556735875,0.45180722891566266,0.2891566265060241,0.25903614457831325,1.25652177100862,0.008376811806724133,150,0.41333333333333333
Brandon Ingram,6.73,14,1.0802377414561664,NBA Daily Main Market 10/21,SF,52.75,NBA,2022-10-21,282,152,201,34.5923395303918,635,0.054476125244711494,0.4440944881889764,0.23937007874015748,0.3165354330708661,28.4679642252246,0.060313483528018214,472,0.4703389830508475
Joel Embiid,15.85,9,-0.43217665615141954,NBA Daily Main Market 10/20,C,29,NBA,2022-10-20,453,547,227,-28.3858079583541,1227,-0.023134317814469518,0.3691931540342298,0.44580277098614507,0.1850040749796251,-3.62064142014152,-0.006619088519454332,547,0.4113345521023766
James Harden,13,25,0.9230769230769231,NBA Daily Main Market 10/20,SG,59,NBA,2022-10-20,969,2240,79,-212.013195384758,3288,-0.0644808988396466,0.2947080291970803,0.681265206812652,0.02402676399026764,-41.7244518845954,-0.03146640413619563,1326,0.34992458521870284
Kawhi Leonard,7.19,7,-0.026425591098748313,NBA Daily Main Market 10/20,SF,25.75,NBA,2022-10-20,NA,NA,NA,NA,NA,NA,NA,NA,NA,NA,NA,NA,NA
Giannis Antetokounmpo,18.88,20,0.05932203389830514,NBA Daily Main Market 10/20,PF,56.75,NBA,2022-10-20,188,108,115,18.4404262388574,411,0.04486721712617372,0.45742092457420924,0.26277372262773724,0.2798053527980535,12.2299660794064,0.08208030925776108,149,0.6510067114093959
Anthony Davis,12,12,0,NBA Daily Main Market 10/20,PF,37,NBA,2022-10-20,479,803,662,-106.076068148668,1944,-0.054565878677298355,0.2463991769547325,0.4130658436213992,0.3405349794238683,-38.6290327375121,-0.022511091338876514,1716,0.3356643356643357
Jrue Holiday,9.62,5,-0.4802494802494802,NBA Daily Main Market 10/20,PG,20,NBA,2022-10-20,233,66,1,56.5446658799123,300,0.18848221959970768,0.7766666666666666,0.22,0.0033333333333333335,8.93727317046351,0.22916085052470536,39,0.8461538461538461
LeBron James,15.49,14,-0.09619109102646871,NBA Daily Main Market 10/20,SF,45.5,NBA,2022-10-20,786,500,802,45.9711762681814,2088,0.02201684687173439,0.3764367816091954,0.23946360153256704,0.38409961685823757,34.8583360424807,0.012606993143754323,2765,0.3895117540687161
Paul George,11.66,10,-0.1423670668953688,NBA Daily Main Market 10/20,SF,33.5,NBA,2022-10-20,467,363,385,12.8190391298313,1215,0.010550649489573086,0.38436213991769547,0.29876543209876544,0.3168724279835391,26.4514402930953,0.05237908968929762,505,0.48514851485148514
RJ Barrett,4.26,1,-0.7652582159624413,NBA Daily Main Market 10/19,SG,18.5,NBA,2022-10-19,467,636,366,-56.6617765462017,1469,-0.038571665450103265,0.31790333560245065,0.4329475833900613,0.2491490810074881,9.94472368530929,0.06499819402162935,153,0.5490196078431373
Cade Cunningham,7.33,3.4,-0.5361527967257844,NBA Daily Main Market 10/19,PG,32.25,NBA,2022-10-19,190,89,159,17.0144449186047,438,0.03884576465434863,0.4337899543378995,0.20319634703196346,0.363013698630137,10.6818882014842,0.07217492028029865,148,0.4864864864864865
Jimmy Butler,7.08,7.25,0.02401129943502824,NBA Daily Main Market 10/19,SF,41.5,NBA,2022-10-19,539,146,4,82.2340022603527,689,0.11935268833142626,0.7822931785195936,0.21190130624092887,0.005805515239477504,62.4781944862112,0.10060900883447858,621,0.7342995169082126
Kevin Durant,10.3,11,0.06796116504854362,NBA Daily Main Market 10/19,SF,47.25,NBA,2022-10-19,442,325,345,19.6221757211396,1112,0.017645841475844967,0.39748201438848924,0.2922661870503597,0.3102517985611511,14.972251011404,0.0239556016182464,625,0.4528
De'Aaron Fox,6.06,18,1.9702970297029707,NBA Daily Main Market 10/19,PG,54.75,NBA,2022-10-19,NA,NA,NA,NA,NA,NA,NA,NA,NA,NA,NA,NA,NA
Dejounte Murray,8.22,15,0.8248175182481751,NBA Daily Main Market 10/19,PG,52.75,NBA,2022-10-19,269,122,96,28.0091448122623,487,0.05751364437836201,0.5523613963039015,0.25051334702258726,0.1971252566735113,7.16620404677297,0.08531195293777345,84,0.5952380952380952
Bradley Beal,5.85,5.34,-0.08717948717948715,NBA Daily Main Market 10/19,SG,38.75,NBA,2022-10-19,142,73,137,7.15940132062371,352,0.02033920829722645,0.4034090909090909,0.20738636363636365,0.38920454545454547,6.72011134313387,0.05052715295589376,133,0.5413533834586466
Luka Doncic,14.25,16,0.12280701754385964,NBA Daily Main Market 10/19,PG,54.25,NBA,2022-10-19,368,161,291,37.8855858209847,820,0.046201933928030126,0.44878048780487806,0.19634146341463415,0.3548780487804878,29.2918620701947,0.05929526734857227,494,0.5323886639676113
Bam Adebayo,7,1,-0.8571428571428571,NBA Daily Main Market 10/19,C,22.25,NBA,2022-10-19,110,131,70,-9.14964350082285,311,-0.02942007556534678,0.3536977491961415,0.4212218649517685,0.22508038585209003,17.8111365488471,0.07240299410100447,246,0.6056910569105691
Devin Booker,6.8,9.5,0.3970588235294118,NBA Daily Main Market 10/19,SG,46,NBA,2022-10-19,252,175,218,7.35880560681119,645,0.011409000940792542,0.39069767441860465,0.2713178294573643,0.33798449612403103,6.41582106030731,0.0261870247359482,245,0.40408163265306124
Kyrie Irving,7.33,1,-0.8635743519781719,NBA Daily Main Market 10/19,PG,23,NBA,2022-10-19,304,198,219,19.6525605027155,721,0.02725736546839875,0.42163661581137307,0.27461858529819694,0.30374479889042993,3.85970439723942,0.010662166843202817,362,0.3784530386740331
Tyrese Haliburton,6.71,6.67,-0.005961251862891212,NBA Daily Main Market 10/19,PG,40.5,NBA,2022-10-19,138,59,80,15.9293613949994,277,0.05750671983754296,0.4981949458483754,0.21299638989169675,0.2888086642599278,11.345086998933,0.08103633570666428,140,0.5571428571428572
Deandre Ayton,4.76,4.25,-0.10714285714285711,NBA Daily Main Market 10/19,C,35,NBA,2022-10-19,60,59,51,-1.93387448440881,170,-0.011375732261228294,0.35294117647058826,0.34705882352941175,0.3,3.41389964099867,0.07263616257443979,47,0.6170212765957447
Chris Paul,4.69,1,-0.7867803837953092,NBA Daily Main Market 10/19,PG,23.25,NBA,2022-10-19,388,327,317,-0.188691754723268,1032,-1.8284084760006588e-4,0.375968992248062,0.3168604651162791,0.3071705426356589,24.3367488804648,0.034667733447955554,702,0.43304843304843305
Damian Lillard,7.35,4.5,-0.3877551020408163,NBA Daily Main Market 10/19,PG,36,NBA,2022-10-19,117,60,105,11.7398601836379,282,0.04163070987105638,0.4148936170212766,0.2127659574468085,0.3723404255319149,9.90210844376847,0.05295245157095438,187,0.47058823529411764
Jarrett Allen,4.08,2.22,-0.4558823529411764,NBA Daily Main Market 10/19,C,29,NBA,2022-10-19,151,111,98,11.5577989702195,360,0.03210499713949861,0.41944444444444445,0.30833333333333335,0.2722222222222222,7.18407706042868,0.10564819206512766,68,0.5882352941176471
Donovan Mitchell,5.59,13,1.3255813953488373,NBA Daily Main Market 10/19,SG,50.5,NBA,2022-10-19,368,184,248,54.4584512886973,800,0.06807306411087162,0.46,0.23,0.31,13.9136489282075,0.0647146461777093,215,0.5534883720930233
DeMar DeRozan,7,25,2.5714285714285716,NBA Daily Main Market 10/19,SG,65,NBA,2022-10-19,570,312,481,56.7021401398843,1363,0.04160098322808826,0.4181951577402788,0.2289068231841526,0.3528980190755686,4.11019237269453,0.0411019237269453,100,0.43
Ja Morant,12.05,14,0.16182572614107876,NBA Daily Main Market 10/19,PG,51,NBA,2022-10-19,1539,1116,1216,97.5031700224349,3871,0.025188109021553835,0.39757168690260913,0.28829759752002065,0.3141307155773702,19.4361218796665,0.035662608953516514,545,0.45688073394495415
Rudy Gobert,6,12,1,NBA Daily Main Market 10/19,C,50.5,NBA,2022-10-19,388,182,188,40.0605610030269,758,0.05285034433117005,0.5118733509234829,0.24010554089709762,0.24802110817941952,18.4467238717808,0.049191263658082136,375,0.5306666666666666
Fred VanVleet,4.86,3.8,-0.21810699588477375,NBA Daily Main Market 10/19,PG,33,NBA,2022-10-19,70,31,39,8.40507666620463,140,0.06003626190146164,0.5,0.22142857142857142,0.2785714285714286,1.43340796333002,0.03412876103166714,42,0.5
CJ McCollum,4.91,6.5,0.32382892057026474,NBA Daily Main Market 10/19,SG,40.5,NBA,2022-10-19,NA,NA,NA,NA,NA,NA,NA,NA,NA,NA,NA,NA,NA
Trae Young,9.1,8.75,-0.03846153846153842,NBA Daily Main Market 10/19,PG,44.75,NBA,2022-10-19,803,228,18,113.4938315689,1049,0.10819240378350811,0.765490943755958,0.21734985700667303,0.017159199237368923,49.0070492433191,0.10630596365145141,461,0.7678958785249458
Anthony Edwards,6,1.26,-0.79,NBA Daily Main Market 10/19,SG,26,NBA,2022-10-19,176,118,176,9.13283594770889,470,0.019431565846189127,0.37446808510638296,0.251063829787234,0.37446808510638296,31.1088211354663,0.07406862175111024,420,0.45476190476190476
Domantas Sabonis,8.79,1.58,-0.820250284414107,NBA Daily Main Market 10/19,PF,27,NBA,2022-10-19,32,11,29,3.06103689870412,72,0.042514401370890555,0.4444444444444444,0.1527777777777778,0.4027777777777778,1.49893559766157,0.07494677988307849,20,0.7
Karl-Anthony Towns,8.55,1.65,-0.8070175438596491,NBA Daily Main Market 10/19,C,27,NBA,2022-10-19,83,48,44,3.51857367748012,175,0.0201061352998864,0.4742857142857143,0.2742857142857143,0.25142857142857145,4.55427807486406,0.041402527953309634,110,0.5272727272727272
Pascal Siakam,7.25,6.17,-0.14896551724137932,NBA Daily Main Market 10/19,PF,40.25,NBA,2022-10-19,122,48,73,14.0162970566392,243,0.05768023480098436,0.5020576131687243,0.19753086419753085,0.3004115226337449,4.13956179487644,0.061784504401140895,67,0.5223880597014925
Darius Garland,5.23,1,-0.8087954110898662,NBA Daily Main Market 10/19,PG,10.25,NBA,2022-10-19,170,233,161,-17.8195276808506,564,-0.03159490723555071,0.30141843971631205,0.41312056737588654,0.2854609929078014,11.8959168401758,0.0951673347214064,125,0.592
Nikola Jokic,15.55,10,-0.3569131832797428,NBA Daily Main Market 10/19,C,46.5,NBA,2022-10-19,117,63,58,11.3681193572863,238,0.047765207383555885,0.49159663865546216,0.2647058823529412,0.24369747899159663,16.8666070646956,0.07736975717750275,218,0.6146788990825688
Shai Gilgeous-Alexander,5.89,20,2.395585738539898,NBA Daily Main Market 10/19,SG,56,NBA,2022-10-19,50,45,55,0.754122437401772,150,0.005027482916011813,0.3333333333333333,0.3,0.36666666666666664,2.47940539661751,0.0349212027692607,71,0.4225352112676056
Jamal Murray,2.4,1,-0.5833333333333334,NBA Daily Main Market 10/19,PG,16.5,NBA,2022-10-19,238,161,216,14.3523089636686,615,0.023337087745802603,0.38699186991869916,0.26178861788617885,0.35121951219512193,14.9439658246178,0.05837486650241328,256,0.50390625
Brandon Ingram,5.37,8.5,0.5828677839851024,NBA Daily Main Market 10/19,SF,44.75,NBA,2022-10-19,459,310,480,30.9126695044377,1249,0.024749935551991755,0.36749399519615694,0.24819855884707767,0.3843074459567654,10.1013605998303,0.0660219647047732,153,0.5228758169934641
Jaylen Brown,10.65,11,0.032863849765258184,NBA Daily Main Market 10/18,SF,47.25,NBA,2022-10-18,1185,746,1239,77.2015514257615,3170,0.024353801711596686,0.37381703470031546,0.23533123028391167,0.39085173501577286,11.0160789718912,0.046092380635528035,239,0.39330543933054396
James Harden,11.55,16,0.38528138528138517,NBA Daily Main Market 10/18,SG,58.5,NBA,2022-10-18,1328,3534,138,-397.757921742986,5000,-0.0795515843485972,0.2656,0.7068,0.0276,-5.30729774548029,-0.013268244363700726,400,0.405
Joel Embiid,16.55,12,-0.2749244712990937,NBA Daily Main Market 10/18,C,50.25,NBA,2022-10-18,891,765,360,-3.49857394332462,2016,-0.0017354037417284822,0.4419642857142857,0.3794642857142857,0.17857142857142858,11.3498607041463,0.04399170815560582,258,0.5813953488372093
Andrew Wiggins,5.85,9,0.5384615384615385,NBA Daily Main Market 10/18,SF,39,NBA,2022-10-18,239,90,191,35.849648673379,520,0.06894163206419039,0.4596153846153846,0.17307692307692307,0.36730769230769234,19.4191439767191,0.1011413748787453,192,0.578125
Klay Thompson,5.5,5.5,0,NBA Daily Main Market 10/18,SG,25,NBA,2022-10-18,117,87,96,5.57340583703121,300,0.0185780194567707,0.39,0.29,0.32,0.433081991078759,0.0021439702528651436,202,0.3564356435643564
Marcus Smart,5.8,7.5,0.2931034482758621,NBA Daily Main Market 10/18,PG,29.25,NBA,2022-10-18,1830,855,168,250.086773189646,2853,0.08765747395360883,0.6414300736067298,0.2996845425867508,0.058885383806519455,41.4883033646383,0.12384568168548746,335,0.7164179104477612
Stephen Curry,12.5,20,0.6,NBA Daily Main Market 10/18,PG,59.5,NBA,2022-10-18,920,483,858,82.6362266124203,2261,0.03654853012490947,0.4068996019460416,0.21362229102167182,0.37947810703228657,26.7717003140068,0.045452801891352805,589,0.47538200339558573
Jayson Tatum,13.65,25,0.8315018315018314,NBA Daily Main Market 10/18,SF,60.5,NBA,2022-10-18,1143,608,1366,129.535155783513,3117,0.0415576374024745,0.3666987487969201,0.19505935194096888,0.438241899262111,19.3823119124045,0.07454735350924807,260,0.49230769230769234
Anthony Davis,13.33,10,-0.24981245311327832,NBA Daily Main Market 10/18,PF,40,NBA,2022-10-18,871,665,946,56.1129234835239,2482,0.02260794660899432,0.3509266720386785,0.2679290894439968,0.38114423851732476,8.90390767039574,0.022714050179580968,392,0.413265306122449
Jordan Poole,6.85,5,-0.2700729927007299,NBA Daily Main Market 10/18,SG,24,NBA,2022-10-18,1553,1036,1252,116.797927435768,3841,0.030408208132196825,0.4043217912002083,0.2697214267117938,0.32595678208799794,55.2710978955075,0.06969873631211539,793,0.5662042875157629
LeBron James,15.56,14,-0.10025706940874039,NBA Daily Main Market 10/18,SF,57.5,NBA,2022-10-18,1037,473,998,108.87097368188,2508,0.04340947913950558,0.4134768740031898,0.18859649122807018,0.39792663476874,64.9927856542453,0.05271109947627356,1233,0.44606650446066504
James Harden,11.75,16,0.3617021276595745,NBA Daily Main Market 10/31,SG,58.75,NBA,2022-10-31,279,443,32,-21.57886337814,754,-0.028619182199124668,0.37002652519893897,0.5875331564986738,0.042440318302387266,-9.94521982908324,-0.02959886853893821,336,0.3630952380952381
Kevin Durant,13.5,20,0.48148148148148145,NBA Daily Main Market 10/31,SF,61.25,NBA,2022-10-31,276,127,174,27.4005278798504,577,0.047487916602860315,0.4783362218370884,0.22010398613518198,0.30155979202772965,3.94407481075348,0.010489560666897553,376,0.44148936170212766
Giannis Antetokounmpo,18.75,9.5,-0.49333333333333335,NBA Daily Main Market 10/31,PF,43.75,NBA,2022-10-31,120,64,82,6.45207415562922,266,0.02425591787830534,0.45112781954887216,0.24060150375939848,0.3082706766917293,13.0815074542913,0.09212329193162887,142,0.5915492957746479
Jrue Holiday,8.35,12,0.43712574850299407,NBA Daily Main Market 10/31,PG,50.25,NBA,2022-10-31,461,37,5,134.462813637398,503,0.26732169709224257,0.9165009940357853,0.073558648111332,0.009940357852882704,25.6724078858306,0.22519656040202282,114,0.9298245614035088
Tyrese Haliburton,10.05,4.13,-0.5890547263681593,NBA Daily Main Market 10/31,PG,27.5,NBA,2022-10-31,89,51,38,8.32693298551977,178,0.046780522390560506,0.5,0.28651685393258425,0.21348314606741572,3.04226957154712,0.048289993199160636,63,0.47619047619047616
Dejounte Murray,8.6,6.67,-0.22441860465116276,NBA Daily Main Market 10/31,PG,36.5,NBA,2022-10-31,62,32,27,5.8692962316557,121,0.048506580426906615,0.512396694214876,0.2644628099173554,0.2231404958677686,2.22022297233419,0.06530067565688795,34,0.5588235294117647
Bradley Beal,7.44,6,-0.19354838709677424,NBA Daily Main Market 10/31,SG,33.75,NBA,2022-10-31,31,46,23,-5.9077946608913,100,-0.059077946608912996,0.31,0.46,0.23,-47.4556010675763,-0.07190242585996409,660,0.19090909090909092
De'Aaron Fox,9.5,1,-0.8947368421052632,NBA Daily Main Market 10/31,PG,7.5,NBA,2022-10-31,NA,NA,NA,NA,NA,NA,NA,NA,NA,NA,NA,NA,NA
Kyrie Irving,12.31,13,0.05605199025182774,NBA Daily Main Market 10/31,PG,53,NBA,2022-10-31,890,1049,431,-59.8876691516145,2370,-0.025269058713761394,0.3755274261603376,0.44261603375527425,0.18185654008438817,-88.8416063364632,-0.046758740177085895,1900,0.30473684210526314
Cade Cunningham,7.79,10.5,0.34788189987163026,NBA Daily Main Market 10/31,PG,45,NBA,2022-10-31,236,81,114,35.3394065475523,431,0.08199398270893805,0.5475638051044084,0.18793503480278423,0.26450116009280744,18.069965623957,0.05090131161678028,355,0.4535211267605634
Domantas Sabonis,9,6.84,-0.24000000000000002,NBA Daily Main Market 10/31,PF,37,NBA,2022-10-31,32,19,28,2.14917476037391,79,0.027204743802201392,0.4050632911392405,0.24050632911392406,0.35443037974683544,0.998027047724538,0.05544594709580766,18,0.6111111111111112
Pascal Siakam,13.75,15,0.09090909090909091,NBA Daily Main Market 10/31,PF,58,NBA,2022-10-31,149,58,68,19.2843087477104,275,0.07012475908258328,0.5418181818181819,0.2109090909090909,0.24727272727272728,3.08829876192332,0.06862886137607378,45,0.5333333333333333
Trae Young,11.2,2.92,-0.7392857142857143,NBA Daily Main Market 10/31,PG,23,NBA,2022-10-31,682,237,10,73.8659496595782,929,0.0795112482880282,0.7341227125941873,0.25511302475780406,0.010764262648008612,37.2409841875316,0.12052098442566861,309,0.7734627831715211
Paul George,10.05,25,1.4875621890547261,NBA Daily Main Market 10/31,SF,74.25,NBA,2022-10-31,284,240,210,5.09115158276956,734,0.006936173818487139,0.3869209809264305,0.32697547683923706,0.28610354223433243,-28.8301409530353,-0.029091968671074976,991,0.3350151362260343
Ja Morant,5.55,11.5,1.0720720720720722,NBA Daily Main Market 10/31,PG,49.75,NBA,2022-10-31,206,150,130,0.100451098136038,486,2.0668950233752675e-4,0.42386831275720166,0.30864197530864196,0.2674897119341564,-1.37390427557446,-0.006768001357509655,203,0.4433497536945813
Joel Embiid,1,1,0,NBA Daily Main Market 10/31,C,0,NBA,2022-10-31,110,104,48,-1.05441575309384,262,-0.004024487607228397,0.4198473282442748,0.3969465648854962,0.183206106870229,3.42752403186963,0.016638466174124417,206,0.5388349514563107
Fred VanVleet,1,1,0,NBA Daily Main Market 10/31,PG,0,NBA,2022-10-31,41,61,40,-6.77578509452632,142,-0.0477167964403262,0.2887323943661972,0.4295774647887324,0.28169014084507044,1.11688677648489,0.03490271176515281,32,0.625
RJ Barrett,4.17,3.1,-0.25659472422062346,NBA Daily Main Market 10/30,SG,24.75,NBA,2022-10-30,95,98,58,-1.29849416556919,251,-0.0051732835281641035,0.3784860557768924,0.3904382470119522,0.23107569721115537,-0.412155922204853,-0.0038162585389338237,108,0.4166666666666667
Luka Doncic,16.66,20,0.2004801920768307,NBA Daily Main Market 10/30,PG,59.75,NBA,2022-10-30,251,157,134,12.3955330921283,542,0.02286998725484926,0.46309963099630996,0.2896678966789668,0.24723247232472326,10.1636518331106,0.026606418411284295,382,0.46596858638743455
Jaylen Brown,8.7,8.5,-0.022988505747126357,NBA Daily Main Market 10/30,SF,38,NBA,2022-10-30,217,95,154,20.8769101801903,466,0.04480023643817661,0.4656652360515021,0.20386266094420602,0.33047210300429186,18.3944607691686,0.054745418955858924,336,0.5178571428571429
Jayson Tatum,11.5,6.84,-0.40521739130434786,NBA Daily Main Market 10/30,SF,34.5,NBA,2022-10-30,181,78,167,15.967705489969,426,0.03748287673701643,0.42488262910798125,0.18309859154929578,0.392018779342723,10.8073270171939,0.05350161889699951,202,0.5198019801980198
Devin Booker,10.51,10.5,-9.514747859181529e-4,NBA Daily Main Market 10/30,SG,44.25,NBA,2022-10-30,201,109,125,34.1198299927203,435,0.07843639078786276,0.46206896551724136,0.25057471264367814,0.28735632183908044,4.10599211882184,0.01993200057680505,206,0.42718446601941745
Jamal Murray,3.84,5.5,0.43229166666666674,NBA Daily Main Market 10/30,PG,31.5,NBA,2022-10-30,140,116,130,5.35674086059085,386,0.013877566996349353,0.3626943005181347,0.3005181347150259,0.33678756476683935,0.673172276953816,0.01432281440327268,47,0.3617021276595745
Marcus Smart,4.15,2.75,-0.3373493975903615,NBA Daily Main Market 10/30,PG,22.25,NBA,2022-10-30,112,34,9,18.4839463333047,155,0.11925126666648193,0.7225806451612903,0.21935483870967742,0.05806451612903226,17.5784443067599,0.11489179285463987,153,0.7189542483660131
Bradley Beal,6.94,3.3,-0.5244956772334295,NBA Daily Main Market 10/30,SG,25.25,NBA,2022-10-30,126,270,264,-47.4556010675763,660,-0.07190242585996409,0.19090909090909092,0.4090909090909091,0.4,2.97432664036282,0.043740097652394415,68,0.4117647058823529
Andrew Wiggins,6.24,1.26,-0.7980769230769231,NBA Daily Main Market 10/30,SF,15.25,NBA,2022-10-30,41,34,29,0.890712164960598,104,0.008564540047698058,0.3942307692307692,0.3269230769230769,0.27884615384615385,2.48373104745003,0.017368748583566643,143,0.4405594405594406
Rudy Gobert,8.66,3.6,-0.584295612009238,NBA Daily Main Market 10/30,C,26,NBA,2022-10-30,69,86,45,-5.09507897379938,200,-0.0254753948689969,0.345,0.43,0.225,1.12434842521635,0.007116129273521203,158,0.379746835443038
Donovan Mitchell,11.01,25,1.270663033605813,NBA Daily Main Market 10/30,SG,68.25,NBA,2022-10-30,1103,698,913,88.332195767642,2714,0.0325468665319241,0.4064112011790715,0.2571849668386146,0.33640383198231394,11.6759734628852,0.018387359784071182,635,0.4267716535433071
Anthony Edwards,8.99,5.67,-0.36929922135706345,NBA Daily Main Market 10/30,SG,31.5,NBA,2022-10-30,121,123,118,-6.65098479207561,362,-0.018372886165954724,0.3342541436464088,0.3397790055248619,0.3259668508287293,7.84875819307594,0.04242571996257265,185,0.42702702702702705
Nikola Jokic,15.75,18,0.14285714285714285,NBA Daily Main Market 10/30,C,52,NBA,2022-10-30,49,30,24,4.08438990591353,103,0.03965427093119932,0.47572815533980584,0.2912621359223301,0.23300970873786409,2.45412680774196,0.04231253116796483,58,0.6379310344827587
Cade Cunningham,8.3,13,0.5662650602409637,NBA Daily Main Market 10/30,PG,47,NBA,2022-10-30,161,68,126,18.069965623957,355,0.05090131161678028,0.4535211267605634,0.19154929577464788,0.35492957746478876,7.21616291468334,0.06220830098864948,116,0.5172413793103449
Jarrett Allen,6.02,2.29,-0.6196013289036545,NBA Daily Main Market 10/30,C,20.25,NBA,2022-10-30,48,48,31,0.0821449283902758,127,6.468104597659512e-4,0.3779527559055118,0.3779527559055118,0.2440944881889764,1.36808750039099,0.015200972226566556,90,0.5
Chris Paul,7.38,6.67,-0.09620596205962059,NBA Daily Main Market 10/30,PG,33.25,NBA,2022-10-30,274,235,130,-0.24874710915439,639,-3.89275601180579e-4,0.4287949921752739,0.3677621283255086,0.20344287949921752,43.0868176224053,0.03469147956715402,1242,0.6827697262479872
Karl-Anthony Towns,10,16,0.6,NBA Daily Main Market 10/30,C,49.25,NBA,2022-10-30,36,17,28,1.97436040861964,81,0.02437481985950173,0.4444444444444444,0.20987654320987653,0.345679012345679,2.31455471229074,0.051434549162016445,45,0.5333333333333333
Stephen Curry,11.7,14,0.19658119658119666,NBA Daily Main Market 10/30,PG,47,NBA,2022-10-30,268,194,166,9.29036866822388,628,0.01479358068188516,0.4267515923566879,0.3089171974522293,0.2643312101910828,17.4390914973854,0.021908406403750504,796,0.4334170854271357
Anthony Davis,5.77,12,1.079722703639515,NBA Daily Main Market 10/30,PF,46.75,NBA,2022-10-30,266,271,235,-1.08333296330285,772,-0.001403281040547733,0.344559585492228,0.35103626943005184,0.30440414507772023,-18.6386713201199,-0.033950220983824955,549,0.3333333333333333
Jordan Poole,5.8,9.5,0.6379310344827587,NBA Daily Main Market 10/30,SG,43.75,NBA,2022-10-30,365,290,351,10.3626864670705,1006,0.010300881179990557,0.3628230616302187,0.2882703777335984,0.3489065606361829,1.52944860266482,0.0152944860266482,100,0.42
LeBron James,13.2,10,-0.24242424242424238,NBA Daily Main Market 10/30,SF,44,NBA,2022-10-30,1010,1070,655,-27.9652840986617,2735,-0.010224966763678867,0.3692870201096892,0.3912248628884826,0.23948811700182815,-18.6738400559795,-0.008244520996017439,2265,0.3629139072847682
Jimmy Butler,9.25,4.63,-0.49945945945945946,NBA Daily Main Market 10/29,SF,31.75,NBA,2022-10-29,238,89,2,22.2378650216292,329,0.067592294898569,0.723404255319149,0.270516717325228,0.0060790273556231,27.4377364629313,0.0933256342276575,294,0.7108843537414966
Andrew Wiggins,6.2,2.5,-0.5967741935483871,NBA Daily Main Market 10/29,SF,23.5,NBA,2022-10-29,63,40,40,2.48373104745003,143,0.017368748583566643,0.4405594405594406,0.27972027972027974,0.27972027972027974,19.9554784258958,0.08491692947189702,235,0.5829787234042553
Luka Doncic,16.75,20,0.19402985074626866,NBA Daily Main Market 10/29,PG,63.5,NBA,2022-10-29,178,113,91,10.1636518331106,382,0.026606418411284295,0.46596858638743455,0.29581151832460734,0.23821989528795812,25.3057409766433,0.03316610875051546,763,0.4534731323722149
Shai Gilgeous-Alexander,9.79,18,0.8386108273748725,NBA Daily Main Market 10/29,SG,62,NBA,2022-10-29,66,33,51,6.94520539387345,150,0.046301369292489666,0.44,0.22,0.34,1.08625515647216,0.018104252607869336,60,0.43333333333333335
James Harden,10.16,6.34,-0.37598425196850394,NBA Daily Main Market 10/29,SG,37.5,NBA,2022-10-29,192,441,18,-56.5894661839559,651,-0.08692698338549293,0.29493087557603687,0.6774193548387096,0.027649769585253458,-40.2908203240468,-0.052393784556627826,769,0.35240572171651496
Giannis Antetokounmpo,18,16,-0.1111111111111111,NBA Daily Main Market 10/29,PF,61.75,NBA,2022-10-29,130,55,56,16.1989528350464,241,0.0672155719296531,0.5394190871369294,0.22821576763485477,0.23236514522821577,1.62741432195756,0.007363865710215204,221,0.4434389140271493
Kevin Durant,12.31,10,-0.18765231519090173,NBA Daily Main Market 10/29,SF,45.25,NBA,2022-10-29,218,185,165,3.11355588327046,568,0.005481612470546585,0.38380281690140844,0.3257042253521127,0.2904929577464789,4.96705401107165,0.01089266230498169,456,0.4100877192982456
Bam Adebayo,7.75,7,-0.0967741935483871,NBA Daily Main Market 10/29,C,39.5,NBA,2022-10-29,59,41,36,0.525869452534153,136,0.003866687150986419,0.4338235294117647,0.3014705882352941,0.2647058823529412,3.34742258581687,0.039850268878772264,84,0.5
Jrue Holiday,7.66,25,2.2637075718015667,NBA Daily Main Market 10/29,PG,64.5,NBA,2022-10-29,336,49,1,93.4526246062269,386,0.2421052450938521,0.8704663212435233,0.12694300518134716,0.0025906735751295338,34.0306938738585,0.22839391861650002,149,0.87248322147651
Tyrese Haliburton,9.2,12,0.3043478260869566,NBA Daily Main Market 10/29,PG,51.5,NBA,2022-10-29,145,60,64,16.7222631420453,269,0.06216454699645093,0.5390334572490706,0.22304832713754646,0.2379182156133829,23.0003283640651,0.07616002769557981,302,0.5596026490066225
Dejounte Murray,9.4,6.84,-0.27234042553191495,NBA Daily Main Market 10/29,PG,39.25,NBA,2022-10-29,48,26,24,5.07574132854386,98,0.05179327886269245,0.4897959183673469,0.2653061224489796,0.24489795918367346,7.55748944207712,0.038558619602434285,196,0.5051020408163265
DeMar DeRozan,7.45,5,-0.3288590604026846,NBA Daily Main Market 10/29,SG,32.75,NBA,2022-10-29,226,100,86,28.822496464783,412,0.06995751569122087,0.5485436893203883,0.24271844660194175,0.2087378640776699,88.0720428086419,0.09862490796040525,893,0.5755879059350504
Klay Thompson,3.71,1.58,-0.5741239892183289,NBA Daily Main Market 10/29,SG,18,NBA,2022-10-29,160,201,115,-11.2022667219012,476,-0.023534173785506724,0.33613445378151263,0.4222689075630252,0.2415966386554622,-11.5937817748004,-0.015076439239012224,769,0.36540962288686607
Kyrie Irving,10.4,11.5,0.10576923076923073,NBA Daily Main Market 10/29,PG,48,NBA,2022-10-29,955,1618,542,-164.171141292797,3115,-0.05270341614536019,0.30658105939004815,0.5194221508828251,0.17399678972712682,-13.2409410713446,-0.019161998656070333,691,0.35021707670043417
De'Aaron Fox,8.85,6.67,-0.2463276836158192,NBA Daily Main Market 10/29,PG,39.25,NBA,2022-10-29,NA,NA,NA,NA,NA,NA,NA,NA,NA,NA,NA,NA,NA
Domantas Sabonis,8.33,5.34,-0.35894357743097244,NBA Daily Main Market 10/29,PF,33.25,NBA,2022-10-29,36,23,27,2.34468987839582,86,0.027263835795300232,0.4186046511627907,0.26744186046511625,0.313953488372093,-1.3549654843979,-0.03985192601170294,34,0.29411764705882354
Stephen Curry,10.69,14,0.3096351730589336,NBA Daily Main Market 10/29,PG,54.75,NBA,2022-10-29,345,243,208,17.4390914973854,796,0.021908406403750504,0.4334170854271357,0.30527638190954776,0.2613065326633166,38.7905643200603,0.025757346826069255,1506,0.40969455511288183
Trae Young,10.42,15,0.43953934740882916,NBA Daily Main Market 10/29,PG,56,NBA,2022-10-29,762,225,12,109.019655176747,999,0.1091287839607077,0.7627627627627628,0.22522522522522523,0.012012012012012012,87.4033293196541,0.09988951922246184,875,0.7565714285714286
Jordan Poole,4.85,5.84,0.20412371134020624,NBA Daily Main Market 10/29,SG,37,NBA,2022-10-29,42,30,28,1.52944860266482,100,0.0152944860266482,0.42,0.3,0.28,13.4449421870732,0.026623647895194457,505,0.4495049504950495
Zach LaVine,6.7,3,-0.5522388059701493,NBA Daily Main Market 10/29,SG,24.5,NBA,2022-10-29,110,108,81,-5.01836731610564,299,-0.016783837177610835,0.36789297658862874,0.3612040133779264,0.2709030100334448,-1.01721033243314,-0.005983590190783177,170,0.3588235294117647
Joel Embiid,12.5,7.25,-0.42,NBA Daily Main Market 10/29,C,39.75,NBA,2022-10-29,206,130,69,8.45151057984165,405,0.020867927357633702,0.508641975308642,0.32098765432098764,0.17037037037037037,-1.16221251329203,-0.0028140738820630266,413,0.39951573849878935
RJ Barrett,3.56,2.36,-0.3370786516853933,NBA Daily Main Market 10/28,SG,27.25,NBA,2022-10-28,105,134,49,-10.0079439585565,288,-0.03474980541165452,0.3645833333333333,0.4652777777777778,0.1701388888888889,5.68569488355922,0.062480163555595825,91,0.6483516483516484
James Harden,11.55,1.2,-0.8961038961038962,NBA Daily Main Market 10/28,SG,22.5,NBA,2022-10-28,271,481,17,-40.2908203240468,769,-0.052393784556627826,0.35240572171651496,0.6254876462938882,0.022106631989596878,-30.222528829195,-0.047972267982849204,630,0.3412698412698413
Jaylen Brown,6.46,9.5,0.47058823529411764,NBA Daily Main Market 10/28,SF,49,NBA,2022-10-28,446,386,710,13.3323958911306,1542,0.008646171135622957,0.2892347600518807,0.2503242542153048,0.4604409857328145,8.99040844617299,0.020023181394594632,449,0.42538975501113585
Giannis Antetokounmpo,18.05,18,-0.0027700831024931143,NBA Daily Main Market 10/28,PF,63.5,NBA,2022-10-28,98,63,60,1.62741432195756,221,0.007363865710215204,0.4434389140271493,0.2850678733031674,0.27149321266968324,10.3309306155738,0.039734348521437694,260,0.5
Devin Booker,7.57,1.32,-0.8256274768824307,NBA Daily Main Market 10/28,SG,23.25,NBA,2022-10-28,241,173,241,10.2489954630746,655,0.015647321317671145,0.36793893129770994,0.2641221374045801,0.36793893129770994,15.8892277330442,0.02697661754336876,589,0.31918505942275044
Jayson Tatum,9.88,10,0.012145748987854171,NBA Daily Main Market 10/28,SF,50.75,NBA,2022-10-28,247,149,263,16.6717556283537,659,0.025298566962600456,0.37481031866464337,0.22610015174506828,0.3990895295902883,1.53234025695394,0.00559248268961292,274,0.33941605839416056
Tyrese Haliburton,6.9,8.75,0.2681159420289854,NBA Daily Main Market 10/28,PG,48,NBA,2022-10-28,169,56,77,23.0003283640651,302,0.07616002769557981,0.5596026490066225,0.18543046357615894,0.25496688741721857,2.36441660780583,0.053736741086496134,44,0.4772727272727273
Marcus Smart,2.51,2.29,-0.08764940239043816,NBA Daily Main Market 10/28,PG,27.25,NBA,2022-10-28,374,191,29,55.2795882029203,594,0.09306327980289614,0.6296296296296297,0.32154882154882153,0.04882154882154882,16.2096010115757,0.1529207642601481,106,0.8018867924528302
DeMar DeRozan,8,6,-0.25,NBA Daily Main Market 10/28,SG,37.75,NBA,2022-10-28,514,171,208,88.0720428086419,893,0.09862490796040525,0.5755879059350504,0.19148936170212766,0.23292273236282196,5.21069282660247,0.030119611714465144,173,0.4797687861271676
Donovan Mitchell,8.09,10.5,0.2978986402966626,NBA Daily Main Market 10/28,SG,52,NBA,2022-10-28,482,357,644,31.656878728958,1483,0.021346512966256236,0.32501685772083616,0.24072825354012137,0.4342548887390425,6.7670168327513,0.037594537959729446,180,0.4388888888888889
Jamal Murray,2.8,1,-0.6428571428571428,NBA Daily Main Market 10/28,PG,16.25,NBA,2022-10-28,47,37,37,2.97784059513127,121,0.024610252852324547,0.3884297520661157,0.30578512396694213,0.30578512396694213,7.06716779721725,0.03302414858512734,214,0.40186915887850466
Nikola Jokic,15.25,5,-0.6721311475409836,NBA Daily Main Market 10/28,C,35,NBA,2022-10-28,70,30,43,5.03927924358061,143,0.0352397149900742,0.48951048951048953,0.2097902097902098,0.3006993006993007,16.3879321945256,0.04877360772180238,336,0.4494047619047619
Bradley Beal,6.2,13,1.096774193548387,NBA Daily Main Market 10/28,SG,54.75,NBA,2022-10-28,78,46,68,4.03881996511638,192,0.02103552065164781,0.40625,0.23958333333333334,0.3541666666666667,1.15029677036149,0.023005935407229797,50,0.46
Jarrett Allen,4.4,2.58,-0.4136363636363637,NBA Daily Main Market 10/28,C,28.25,NBA,2022-10-28,125,63,82,12.2014433124108,270,0.04519053078670667,0.46296296296296297,0.23333333333333334,0.3037037037037037,3.62321432464859,0.03981554202910539,91,0.5054945054945055
Rudy Gobert,6.55,14,1.1374045801526718,NBA Daily Main Market 10/28,C,57.75,NBA,2022-10-28,156,161,130,-4.98202004460708,447,-0.011145458712767517,0.348993288590604,0.36017897091722595,0.29082774049217003,-1.71732153624432,-0.016355443202326857,105,0.3904761904761905
Jrue Holiday,6.03,4.38,-0.27363184079601993,NBA Daily Main Market 10/28,PG,32.75,NBA,2022-10-28,130,19,0,34.0306938738585,149,0.22839391861650002,0.87248322147651,0.12751677852348994,0,8.37744819160443,0.1132087593460058,74,0.7972972972972973
Anthony Edwards,6.26,5.84,-0.0670926517571885,NBA Daily Main Market 10/28,SG,37,NBA,2022-10-28,167,133,163,6.18667331296526,463,0.013362145384374212,0.36069114470842334,0.28725701943844495,0.35205183585313177,11.1866619395711,0.04302562284450423,260,0.47692307692307695
Dejounte Murray,8.55,6.17,-0.27836257309941526,NBA Daily Main Market 10/28,PG,38,NBA,2022-10-28,99,50,47,7.55748944207712,196,0.038558619602434285,0.5051020408163265,0.25510204081632654,0.23979591836734693,1.9487614134032,0.03479931095362857,56,0.5892857142857143
Cade Cunningham,6.25,16,1.56,NBA Daily Main Market 10/28,PG,59.75,NBA,2022-10-28,223,124,197,20.878242703348,544,0.03837912261644853,0.4099264705882353,0.22794117647058823,0.36213235294117646,4.25079036832483,0.05449731241442089,78,0.47435897435897434
Karl-Anthony Towns,7.79,7.25,-0.0693196405648267,NBA Daily Main Market 10/28,C,42.5,NBA,2022-10-28,62,43,44,1.64811307614337,149,0.011061161584854833,0.4161073825503356,0.28859060402684567,0.2953020134228188,4.36352815159121,0.0436352815159121,100,0.48
Pascal Siakam,9.75,7.5,-0.23076923076923078,NBA Daily Main Market 10/28,PF,45.5,NBA,2022-10-28,89,50,49,7.44187732758989,188,0.03958445387015899,0.4734042553191489,0.26595744680851063,0.26063829787234044,9.44682250551798,0.05690856931034928,166,0.5602409638554217
Deandre Ayton,5.55,1,-0.8198198198198198,NBA Daily Main Market 10/28,C,6.75,NBA,2022-10-28,38,46,30,-1.7464834671189,114,-0.015320030413323684,0.3333333333333333,0.40350877192982454,0.2631578947368421,1.54608485729079,0.048315151790337185,32,0.625
Chris Paul,5.12,1.65,-0.677734375,NBA Daily Main Market 10/28,PG,24.25,NBA,2022-10-28,117,111,72,-3.23038654081965,300,-0.0107679551360655,0.39,0.37,0.24,12.6207949501222,0.03338834642889471,378,0.4947089947089947
Anthony Davis,1,1,0,NBA Daily Main Market 10/28,PF,0,NBA,2022-10-28,341,437,411,-30.9242027832529,1189,-0.02600858097834558,0.2867956265769554,0.3675357443229605,0.3456686291000841,-19.2040480612804,-0.012871345885576676,1492,0.34517426273458446
Trae Young,9.01,15,0.6648168701442841,NBA Daily Main Market 10/28,PG,58.5,NBA,2022-10-28,662,209,4,87.4033293196541,875,0.09988951922246184,0.7565714285714286,0.23885714285714285,0.004571428571428572,47.4559995610668,0.11407692202179519,416,0.7716346153846154
CJ McCollum,3.88,2.92,-0.24742268041237114,NBA Daily Main Market 10/28,SG,29.5,NBA,2022-10-28,NA,NA,NA,NA,NA,NA,NA,NA,NA,NA,NA,NA,NA
LeBron James,13.65,8.5,-0.3772893772893773,NBA Daily Main Market 10/28,SF,47.25,NBA,2022-10-28,926,834,751,2.29359540311424,2511,9.134191171303226e-4,0.36877737953006773,0.3321385902031063,0.29908403026682595,-4.05976880256203,-0.010149422006405076,400,0.3225
Joel Embiid,5.49,1,-0.8178506375227687,NBA Daily Main Market 10/28,C,0,NBA,2022-10-28,165,163,85,-1.16221251329203,413,-0.0028140738820630266,0.39951573849878935,0.3946731234866828,0.20581113801452786,-6.11741092907529,-0.02806151802328115,218,0.41743119266055045
Fred VanVleet,5.5,1,-0.8181818181818182,NBA Daily Main Market 10/28,PG,8.25,NBA,2022-10-28,63,61,38,-1.80381274733169,162,-0.011134646588467223,0.3888888888888889,0.3765432098765432,0.2345679012345679,2.29545451034941,0.06376262528748361,36,0.6388888888888888
Jimmy Butler,10.9,18,0.6513761467889908,NBA Daily Main Market 10/27,SF,60,NBA,2022-10-27,462,140,8,69.9772628839636,610,0.11471682439994034,0.7573770491803279,0.22950819672131148,0.013114754098360656,45.7859418986058,0.12613207134602147,363,0.7658402203856749
Luka Doncic,19,25,0.3157894736842105,NBA Daily Main Market 10/27,PG,79.25,NBA,2022-10-27,409,294,345,21.0027216162594,1048,0.02004076490101088,0.3902671755725191,0.28053435114503816,0.3291984732824427,13.4395061559532,0.045250862477956906,297,0.5050505050505051
Andrew Wiggins,8.16,10,0.22549019607843135,NBA Daily Main Market 10/27,SF,36.5,NBA,2022-10-27,164,39,64,27.2416191569792,267,0.10202853616846143,0.6142322097378277,0.14606741573033707,0.2397003745318352,3.56596314052314,0.02346028381923118,152,0.5131578947368421
Bam Adebayo,9.2,14,0.5217391304347827,NBA Daily Main Market 10/27,C,50.5,NBA,2022-10-27,71,36,31,6.00729495138942,138,0.04353112283615521,0.5144927536231884,0.2608695652173913,0.2246376811594203,0.475409022200495,0.004615621574762087,103,0.4854368932038835
Shai Gilgeous-Alexander,13.5,12,-0.1111111111111111,NBA Daily Main Market 10/27,SG,41.25,NBA,2022-10-27,66,30,55,4.87526532213924,151,0.0322865253121804,0.4370860927152318,0.1986754966887417,0.36423841059602646,4.6234038294132,0.04128039133404643,112,0.4732142857142857
Kyrie Irving,10.64,20,0.8796992481203006,NBA Daily Main Market 10/27,PG,64.75,NBA,2022-10-27,311,381,331,-7.48071660834335,1023,-0.007312528453903568,0.3040078201368524,0.3724340175953079,0.3235581622678397,7.13993474898195,0.015487927871978198,461,0.40563991323210413
Kevin Durant,13.91,15,0.07836089144500358,NBA Daily Main Market 10/27,SF,53.75,NBA,2022-10-27,269,289,217,-6.25108179361865,775,-0.008065911991766,0.3470967741935484,0.37290322580645163,0.28,12.8861310512876,0.01864852539983734,691,0.45007235890014474
Domantas Sabonis,11.55,11,-0.04761904761904768,NBA Daily Main Market 10/27,PF,38.75,NBA,2022-10-27,16,14,12,1.24359330449942,42,0.029609364392843333,0.38095238095238093,0.3333333333333333,0.2857142857142857,0.21886972201726,0.024318858001917777,9,0.5555555555555556
Klay Thompson,5.89,4,-0.32088285229202035,NBA Daily Main Market 10/27,SG,20,NBA,2022-10-27,190,196,140,-0.761134957530449,526,-0.001447024634088306,0.3612167300380228,0.3726235741444867,0.2661596958174905,-21.9404859788847,-0.00946118412198564,2319,0.3561880120741699
Stephen Curry,12.98,16,0.23266563944530042,NBA Daily Main Market 10/27,PG,59.25,NBA,2022-10-27,278,172,236,21.2457884238153,686,0.030970537060955247,0.40524781341107874,0.25072886297376096,0.34402332361516036,21.5440437740633,0.025678240493520025,839,0.4398092967818832
De'Aaron Fox,12.45,11.5,-0.07630522088353409,NBA Daily Main Market 10/27,PG,40,NBA,2022-10-27,NA,NA,NA,NA,NA,NA,NA,NA,NA,NA,NA,NA,NA
Paul George,12.8,3.8,-0.703125,NBA Daily Main Market 10/27,SF,19.25,NBA,2022-10-27,300,273,255,-9.53752694293938,828,-0.011518752346545145,0.36231884057971014,0.32971014492753625,0.3079710144927536,10.8827964582212,0.025788617199576303,422,0.43601895734597157
Jordan Poole,7.15,5.67,-0.20699300699300704,NBA Daily Main Market 10/27,SG,24.25,NBA,2022-10-27,189,149,162,5.52408438242593,500,0.011048168764851861,0.378,0.298,0.324,13.0206180517507,0.020000949388249922,651,0.4039938556067588
Ja Morant,16.99,8.75,-0.48499117127722186,NBA Daily Main Market 10/27,PG,34.25,NBA,2022-10-27,250,132,173,27.1852655284443,555,0.048982460411611355,0.45045045045045046,0.23783783783783785,0.3117117117117117,17.1663315148676,0.04067851069873839,422,0.476303317535545
RJ Barrett,4.3,3.2,-0.25581395348837205,NBA Daily Main Market 10/26,SG,30.5,NBA,2022-10-26,126,121,53,-3.88043796633971,300,-0.012934793221132368,0.42,0.4033333333333333,0.17666666666666667,4.72096809890173,0.04215150088305116,112,0.5714285714285714
James Harden,10.09,7.25,-0.28146679881070363,NBA Daily Main Market 10/26,SG,40.25,NBA,2022-10-26,282,608,20,-49.1803898259049,910,-0.05404438442407132,0.3098901098901099,0.6681318681318681,0.02197802197802198,1.90387155169869,0.002956322285246413,644,0.4549689440993789
Giannis Antetokounmpo,17.05,25,0.46627565982404684,NBA Daily Main Market 10/26,PF,74.5,NBA,2022-10-26,279,99,73,23.2992306502131,451,0.051661265299807316,0.6186252771618626,0.21951219512195122,0.16186252771618626,8.39328146484883,0.08070462946970028,104,0.6442307692307693
Jimmy Butler,7.16,3.3,-0.5391061452513967,NBA Daily Main Market 10/26,SF,31.75,NBA,2022-10-26,278,81,4,45.7859418986058,363,0.12613207134602147,0.7658402203856749,0.2231404958677686,0.011019283746556474,24.9343607049104,0.08810728164279294,283,0.7031802120141343
Bam Adebayo,5.8,3.6,-0.3793103448275862,NBA Daily Main Market 10/26,C,32,NBA,2022-10-26,50,33,20,0.475409022200495,103,0.004615621574762087,0.4854368932038835,0.32038834951456313,0.1941747572815534,-1.36147805794441,-0.032416144236771666,42,0.35714285714285715
Kevin Durant,10.13,11,0.08588351431391897,NBA Daily Main Market 10/26,SF,45,NBA,2022-10-26,311,212,168,12.8861310512876,691,0.01864852539983734,0.45007235890014474,0.3068017366136035,0.24312590448625182,6.92907748700227,0.013941805808857686,497,0.3983903420523139
Donovan Mitchell,9.73,3.1,-0.6813977389516959,NBA Daily Main Market 10/26,SG,29.5,NBA,2022-10-26,277,228,244,2.40386883325264,749,0.003209437694596315,0.369826435246996,0.30440587449933243,0.3257676902536716,4.01569597816241,0.02256008976495736,178,0.42134831460674155
Tyrese Haliburton,7.32,6.17,-0.15710382513661206,NBA Daily Main Market 10/26,PG,37.5,NBA,2022-10-26,63,23,25,7.57303157900792,111,0.06822550972079207,0.5675675675675675,0.2072072072072072,0.22522522522522523,3.11132085955769,0.04714122514481348,66,0.4090909090909091
Nikola Jokic,14.61,20,0.3689253935660507,NBA Daily Main Market 10/26,C,69.25,NBA,2022-10-26,67,62,57,0.923013485323824,186,0.004962438093138838,0.3602150537634409,0.3333333333333333,0.3064516129032258,-7.67486894065201,-0.06616266328148285,116,0.3017241379310345
DeMar DeRozan,7.81,1,-0.8719590268886044,NBA Daily Main Market 10/26,SG,23.25,NBA,2022-10-26,105,60,57,8.17873410330853,222,0.03684114460949788,0.47297297297297297,0.2702702702702703,0.25675675675675674,8.28659989580318,0.048459648513468886,171,0.4444444444444444
Jarrett Allen,5,8.25,0.65,NBA Daily Main Market 10/26,C,42.5,NBA,2022-10-26,122,80,102,5.89998874979978,304,0.01940785772960454,0.40131578947368424,0.2631578947368421,0.3355263157894737,2.03495971289364,0.045221326953192,45,0.4666666666666667
Jamal Murray,3.22,2.22,-0.3105590062111801,NBA Daily Main Market 10/26,PG,26.5,NBA,2022-10-26,148,145,177,0.440923431042258,470,9.381349596643788e-4,0.3148936170212766,0.30851063829787234,0.37659574468085105,-4.2982533833395,-0.02387918546299722,180,0.3055555555555556
Jrue Holiday,6.6,2.75,-0.5833333333333333,NBA Daily Main Market 10/26,PG,28.75,NBA,2022-10-26,264,53,5,58.8462225477807,322,0.18275224393720713,0.8198757763975155,0.16459627329192547,0.015527950310559006,16.4754789044951,0.2196730520599347,75,0.8133333333333334
Rudy Gobert,6.91,2.15,-0.6888567293777134,NBA Daily Main Market 10/26,C,26.25,NBA,2022-10-26,57,57,41,-0.436039668824384,155,-0.002813159153705703,0.36774193548387096,0.36774193548387096,0.2645161290322581,3.11055955057011,0.016200830992552654,192,0.4166666666666667
Dejounte Murray,8.61,6.5,-0.24506387921022063,NBA Daily Main Market 10/26,PG,39,NBA,2022-10-26,76,58,53,0.60330791927091,187,0.003226245557598449,0.40641711229946526,0.31016042780748665,0.28342245989304815,4.2449059266442,0.1248501743130647,34,0.5588235294117647
Kyrie Irving,7.84,6.34,-0.1913265306122449,NBA Daily Main Market 10/26,PG,38.25,NBA,2022-10-26,187,138,136,7.13993474898195,461,0.015487927871978198,0.40563991323210413,0.2993492407809111,0.2950108459869848,5.26140060587734,0.015847592186377532,332,0.37650602409638556
Karl-Anthony Towns,7.66,8.75,0.1422976501305483,NBA Daily Main Market 10/26,C,43,NBA,2022-10-26,66,51,35,2.19256808188,152,0.014424790012368422,0.4342105263157895,0.3355263157894737,0.23026315789473684,4.33944669372633,0.0261412451429297,166,0.5
Anthony Edwards,6.15,16,1.6016260162601625,NBA Daily Main Market 10/26,SG,56.25,NBA,2022-10-26,205,137,199,11.471567686028,541,0.02120437649912754,0.3789279112754159,0.2532347504621072,0.3678373382624769,5.61391446814245,0.013964961363538433,402,0.42786069651741293
Cade Cunningham,6.53,10,0.5313935681470138,NBA Daily Main Market 10/26,PG,44,NBA,2022-10-26,176,129,112,8.04503822746962,417,0.019292657619831222,0.42206235011990406,0.30935251798561153,0.2685851318944844,-0.414773456005313,-0.0014253383367880171,291,0.3917525773195876
Damian Lillard,7.95,2.92,-0.6327044025157232,NBA Daily Main Market 10/26,PG,29,NBA,2022-10-26,154,65,106,15.654510408589,325,0.04816772433412,0.47384615384615386,0.2,0.3261538461538461,26.5166996785138,0.05240454481919723,506,0.47035573122529645
Pascal Siakam,8.6,11.5,0.33720930232558144,NBA Daily Main Market 10/26,PF,45.75,NBA,2022-10-26,212,123,153,22.1353012310774,488,0.045359223834175,0.4344262295081967,0.2520491803278688,0.3135245901639344,1.04745533067617,0.014963647581088143,70,0.44285714285714284
Trae Young,9.69,12,0.23839009287925703,NBA Daily Main Market 10/26,PG,48.25,NBA,2022-10-26,544,181,10,69.3949132856574,735,0.09441484800769713,0.7401360544217687,0.24625850340136055,0.013605442176870748,33.1115326978081,0.13971110842957005,237,0.8354430379746836
Anthony Davis,8.06,15,0.8610421836228287,NBA Daily Main Market 10/26,PF,56,NBA,2022-10-26,420,651,437,-69.1111894298114,1508,-0.04582970121340279,0.27851458885941643,0.4316976127320955,0.28978779840848806,-2.0368979136951,-0.0044376860864817,459,0.3355119825708061
LeBron James,13.22,5.17,-0.6089258698940999,NBA Daily Main Market 10/26,SF,35.25,NBA,2022-10-26,726,477,521,28.1784202838706,1724,0.016344791347952786,0.4211136890951276,0.2766821345707657,0.30220417633410673,13.0520042497205,0.00952701040125584,1370,0.4
Zach LaVine,5.96,10.5,0.761744966442953,NBA Daily Main Market 10/26,SG,45,NBA,2022-10-26,96,44,57,11.7351110671144,197,0.059569091711240606,0.4873096446700508,0.2233502538071066,0.2893401015228426,1.83171136028675,0.02818017477364231,65,0.49230769230769234
Joel Embiid,11.11,9.5,-0.14491449144914487,NBA Daily Main Market 10/26,C,43.75,NBA,2022-10-26,139,175,60,-12.7922380666739,374,-0.03420384509805856,0.3716577540106952,0.4679144385026738,0.16042780748663102,4.7249831238846,0.024107056754513266,196,0.5051020408163265
Fred VanVleet,5.8,8.5,0.4655172413793104,NBA Daily Main Market 10/26,PG,42.5,NBA,2022-10-26,38,31,22,2.56437396638871,91,0.028179933696579233,0.4175824175824176,0.34065934065934067,0.24175824175824176,1.61634183598762,0.06734757649948417,24,0.6666666666666666
Devin Booker,13.25,18,0.3584905660377358,NBA Daily Main Market 10/25,SG,53,NBA,2022-10-25,416,398,368,-10.0874817347707,1182,-0.008534248506574195,0.35194585448392557,0.33671742808798644,0.311336717428088,18.8598746723836,0.032517025297213106,580,0.41379310344827586
Luka Doncic,19.01,25,0.3150973172014728,NBA Daily Main Market 10/25,PG,64.25,NBA,2022-10-25,282,175,185,18.5645272172362,642,0.028916709061115577,0.4392523364485981,0.27258566978193144,0.2881619937694704,7.63209790342092,0.049239341312393034,155,0.5096774193548387
Andrew Wiggins,8.36,8,-0.04306220095693773,NBA Daily Main Market 10/25,SF,29.5,NBA,2022-10-25,177,70,101,25.7435076980288,348,0.07397559683341609,0.5086206896551724,0.20114942528735633,0.29022988505747127,10.3320229403471,0.06377791938485865,162,0.5123456790123457
Bradley Beal,11.25,6,-0.4666666666666667,NBA Daily Main Market 10/25,SG,25.5,NBA,2022-10-25,338,503,458,-57.804471408385,1299,-0.04449920816657814,0.2602001539645881,0.3872209391839877,0.3525789068514242,4.98514562490742,0.06006199548081229,83,0.5301204819277109
Shai Gilgeous-Alexander,14.07,20,0.42146410803127216,NBA Daily Main Market 10/25,SG,62.25,NBA,2022-10-25,128,63,80,8.80820860949628,271,0.032502614795189226,0.47232472324723246,0.23247232472324722,0.2952029520295203,-0.12590993374572,-0.0033134193090978946,38,0.34210526315789475
Cade Cunningham,10.45,4.88,-0.5330143540669856,NBA Daily Main Market 10/25,PG,23.25,NBA,2022-10-25,114,105,72,-0.414773456005313,291,-0.0014253383367880171,0.3917525773195876,0.36082474226804123,0.24742268041237114,0.929401692151331,0.020653370936696242,45,0.4888888888888889
Deandre Ayton,9.25,13,0.40540540540540543,NBA Daily Main Market 10/25,C,37,NBA,2022-10-25,64,62,53,-2.0458326537185,179,-0.011429232702337989,0.3575418994413408,0.3463687150837989,0.29608938547486036,-0.641846601663826,-0.012110313238940114,53,0.32075471698113206
Chris Paul,9.5,14,0.47368421052631576,NBA Daily Main Market 10/25,PG,40.25,NBA,2022-10-25,414,418,396,-11.5841401915095,1228,-0.009433338918167345,0.33713355048859933,0.34039087947882735,0.32247557003257327,25.9564170401481,0.03956770890266478,656,0.44359756097560976
Klay Thompson,6.26,1.38,-0.7795527156549521,NBA Daily Main Market 10/25,SG,3.5,NBA,2022-10-25,524,792,498,-56.9369581776549,1814,-0.031387518289776685,0.288864388092613,0.43660418963616315,0.2745314222712238,4.54836434166477,0.021762508811793157,209,0.430622009569378
Stephen Curry,14.99,15,6.671114076050558e-4,NBA Daily Main Market 10/25,PG,43.25,NBA,2022-10-25,356,221,307,25.8087048742101,884,0.029195367504762558,0.40271493212669685,0.25,0.34728506787330315,20.5864014165144,0.032780893975341396,628,0.43312101910828027
CJ McCollum,12.99,7.5,-0.42263279445727486,NBA Daily Main Market 10/25,SG,28,NBA,2022-10-25,NA,NA,NA,NA,NA,NA,NA,NA,NA,NA,NA,NA,NA
Kawhi Leonard,1,1,0,NBA Daily Main Market 10/25,SF,0,NBA,2022-10-25,128,131,74,-2.53190417839287,333,-0.00760331585102964,0.3843843843843844,0.3933933933933934,0.2222222222222222,4.36543115873334,0.029496156477927974,148,0.4391891891891892
Jordan Poole,6.98,6.67,-0.044412607449856804,NBA Daily Main Market 10/25,SG,26,NBA,2022-10-25,626,471,660,34.331983854829,1757,0.01954011602437621,0.3562891291974957,0.26807057484348323,0.37564029595902104,13.8344519803265,0.05937533038766738,233,0.45064377682403434
