player,date,num_pos,num_neg,num_neutral,sum_sent_score,total_tweets,avg_sent_score,pos_perc,neg_perc,neutral_perc
Stephen Curry,2022-10-17,280,122,187,26.7717003140068,589,0.045452801891352805,0.47538200339558573,0.2071307300509338,0.3174872665534805
Giannis Antetokounmpo,2022-10-17,60,19,27,7.92698323007078,106,0.0747828606610451,0.5660377358490566,0.1792452830188679,0.25471698113207547
Nikola Jokic,2022-10-17,58,10,16,8.99447317227395,84,0.1070770615746899,0.6904761904761905,0.11904761904761904,0.19047619047619047
Luka Doncic,2022-10-17,122,48,58,14.4982089360114,228,0.06358863568426053,0.5350877192982456,0.21052631578947367,0.2543859649122807
Kevin Durant,2022-10-17,173,61,84,20.9123878050946,318,0.06576222580218427,0.5440251572327044,0.1918238993710692,0.2641509433962264
Joel Embiid,2022-10-17,150,67,41,11.3498607041463,258,0.04399170815560582,0.5813953488372093,0.25968992248062017,0.15891472868217055
Jayson Tatum,2022-10-17,128,34,98,19.3823119124045,260,0.07454735350924807,0.49230769230769234,0.13076923076923078,0.3769230769230769
LeBron James,2022-10-17,550,273,410,64.9927856542453,1233,0.05271109947627356,0.44606650446066504,0.22141119221411193,0.33252230332522303
Devin Booker,2022-10-17,58,38,74,1.9027613946187,170,0.011192714085992353,0.3411764705882353,0.2235294117647059,0.43529411764705883
Ja Morant,2022-10-17,114,45,68,11.99578481216,227,0.05284486701392071,0.5022026431718062,0.19823788546255505,0.29955947136563876
Jimmy Butler,2022-10-17,189,49,3,25.2982781187733,241,0.1049721083766527,0.7842323651452282,0.2033195020746888,0.012448132780082987
Kawhi Leonard,2022-10-17,82,46,41,7.13821079735057,169,0.04223793371213355,0.48520710059171596,0.27218934911242604,0.24260355029585798
Trae Young,2022-10-17,237,47,4,36.1033970377618,288,0.12535901749222847,0.8229166666666666,0.16319444444444445,0.013888888888888888
Donovan Mitchell,2022-10-17,51,20,34,4.32795168251961,105,0.04121858745256771,0.4857142857142857,0.19047619047619047,0.3238095238095238
Kyrie Irving,2022-10-17,92,70,107,5.33631936101135,269,0.019837618442421375,0.3420074349442379,0.26022304832713755,0.39776951672862454
Paul George,2022-10-17,186,115,125,10.6067383870892,426,0.024898446918049766,0.43661971830985913,0.2699530516431925,0.2934272300469484
Zach LaVine,2022-10-17,16,9,18,2.33839314736664,43,0.0543812359852707,0.37209302325581395,0.20930232558139536,0.4186046511627907
Damian Lillard,2022-10-17,40,15,53,3.2017277294813,108,0.02964562712482685,0.37037037037037035,0.1388888888888889,0.49074074074074076
DeMar DeRozan,2022-10-17,65,62,56,2.99011267874839,183,0.016339413545073168,0.3551912568306011,0.33879781420765026,0.30601092896174864
Jaylen Brown,2022-10-17,94,43,102,11.0160789718912,239,0.046092380635528035,0.39330543933054396,0.1799163179916318,0.42677824267782427
Chris Paul,2022-10-17,180,107,122,13.715323788383,409,0.03353379899360147,0.4400977995110024,0.2616136919315403,0.2982885085574572
Bradley Beal,2022-10-17,42,9,29,8.12681513750442,80,0.10158518921880526,0.525,0.1125,0.3625
LaMelo Ball,2022-10-17,56,60,33,-3.67926806040695,149,-0.024693074230919126,0.37583892617449666,0.40268456375838924,0.2214765100671141
Pascal Siakam,2022-10-17,22,12,9,1.75822590014486,43,0.040888974421973485,0.5116279069767442,0.27906976744186046,0.20930232558139536
Anthony Edwards,2022-10-17,81,26,97,11.3921711352691,204,0.055843976153279906,0.39705882352941174,0.12745098039215685,0.47549019607843135
Brandon Ingram,2022-10-17,30,16,48,4.38271142702284,94,0.04662458964917915,0.3191489361702128,0.1702127659574468,0.5106382978723404
Anthony Davis,2022-10-17,162,102,128,8.90390767039574,392,0.022714050179580968,0.413265306122449,0.2602040816326531,0.32653061224489793
Khris Middleton,2022-10-17,37,87,40,-6.18969592628952,164,-0.03774204833103366,0.22560975609756098,0.5304878048780488,0.24390243902439024
Bam Adebayo,2022-10-17,73,30,13,8.16374180983671,116,0.07037708456755784,0.6293103448275862,0.25862068965517243,0.11206896551724138
Darius Garland,2022-10-17,26,9,19,3.97821981189237,54,0.07367073725726611,0.48148148148148145,0.16666666666666666,0.35185185185185186
Shai Gilgeous-Alexander,2022-10-17,10,6,10,1.2590960949966,26,0.04842677288448461,0.38461538461538464,0.23076923076923078,0.38461538461538464
Karl-Anthony Towns,2022-10-17,14,7,7,0.852400282051107,28,0.030442867216110964,0.5,0.25,0.25
James Harden,2022-10-17,162,216,22,-5.30729774548029,400,-0.013268244363700726,0.405,0.54,0.055
Jamal Murray,2022-10-17,60,29,43,3.78607752214631,132,0.02868240547080538,0.45454545454545453,0.2196969696969697,0.32575757575757575
De’Aaron Fox,2022-10-17,23,7,4,2.5458044348862,34,0.074876601026064707,0.6764705882352942,0.20588235294117646,0.11764705882352941
Dejounte Murray,2022-10-17,22,10,11,3.93552812928763,43,0.09152390998343325,0.5116279069767442,0.23255813953488372,0.2558139534883721
Rudy Gobert,2022-10-17,65,45,37,3.32637916795616,147,0.022628429713987482,0.4421768707482993,0.30612244897959184,0.25170068027210885
Andrew Wiggins,2022-10-17,111,33,48,19.4191439767191,192,0.1011413748787453,0.578125,0.171875,0.25
Domantas Sabonis,2022-10-17,5,0,2,1.24834149099367,7,0.17833449871338145,0.7142857142857143,0,0.2857142857142857
Deandre Ayton,2022-10-17,17,4,13,2.35295896559548,34,0.06920467545869059,0.5,0.11764705882352941,0.38235294117647056
Jrue Holiday,2022-10-17,74,11,0,15.9271008635877,85,0.18737765721867883,0.8705882352941177,0.12941176470588237,0
C.J. McCollum,2022-10-17,2,0,0,0.142433353354756,2,0.071216676677378,1,0,0
Klay Thompson,2022-10-17,72,78,52,0.433081991078759,202,0.0021439702528651436,0.3564356435643564,0.38613861386138615,0.25742574257425743
Marcus Smart,2022-10-17,240,89,6,41.4883033646383,335,0.12384568168548746,0.7164179104477612,0.2656716417910448,0.01791044776119403
Jarrett Allen,2022-10-17,35,5,8,4.58792456389672,48,0.09558176174784833,0.7291666666666666,0.10416666666666667,0.16666666666666666
RJ Barrett,2022-10-17,85,34,31,8.35738405306588,150,0.05571589368710587,0.5666666666666667,0.22666666666666666,0.20666666666666667
Cade Cunningham,2022-10-17,52,13,34,7.13982511468409,99,0.07211944560286959,0.5252525252525253,0.13131313131313133,0.3434343434343434
Tyrese Haliburton,2022-10-17,26,6,16,3.03257607769514,48,0.06317866828531542,0.5416666666666666,0.125,0.3333333333333333
Fred VanVleet,2022-10-17,13,4,0,1.89959790466335,17,0.11174105321549117,0.7647058823529411,0.23529411764705882,0
Jordan Poole,2022-10-17,449,182,162,55.2710978955075,793,0.06969873631211539,0.5662042875157629,0.22950819672131148,0.2042875157629256
Stephen Curry,2022-10-18,920,483,858,82.6362266124203,2261,0.03654853012490947,0.4068996019460416,0.21362229102167182,0.37947810703228657
Giannis Antetokounmpo,2022-10-18,143,54,63,13.682115377224,260,0.052623520681630766,0.55,0.2076923076923077,0.2423076923076923
Nikola Jokic,2022-10-18,134,33,51,16.8666070646956,218,0.07736975717750275,0.6146788990825688,0.15137614678899083,0.23394495412844038
Luka Doncic,2022-10-18,263,107,124,29.2918620701947,494,0.05929526734857227,0.5323886639676113,0.2165991902834008,0.25101214574898784
Kevin Durant,2022-10-18,283,186,156,14.972251011404,625,0.0239556016182464,0.4528,0.2976,0.2496
Joel Embiid,2022-10-18,891,765,360,-3.49857394332462,2016,-0.0017354037417284822,0.4419642857142857,0.3794642857142857,0.17857142857142858
Jayson Tatum,2022-10-18,1143,608,1366,129.535155783513,3117,0.0415576374024745,0.3666987487969201,0.19505935194096888,0.438241899262111
LeBron James,2022-10-18,1037,473,998,108.87097368188,2508,0.04340947913950558,0.4134768740031898,0.18859649122807018,0.39792663476874
Devin Booker,2022-10-18,99,53,93,6.41582106030731,245,0.0261870247359482,0.40408163265306124,0.2163265306122449,0.3795918367346939
Ja Morant,2022-10-18,249,133,163,19.4361218796665,545,0.035662608953516514,0.45688073394495415,0.24403669724770644,0.29908256880733947
Jimmy Butler,2022-10-18,456,159,6,62.4781944862112,621,0.10060900883447858,0.7342995169082126,0.2560386473429952,0.00966183574879227
Kawhi Leonard,2022-10-18,114,45,110,10.740847764831,269,0.0399288020997435,0.42379182156133827,0.16728624535315986,0.40892193308550184
Trae Young,2022-10-18,354,103,4,49.0070492433191,461,0.10630596365145141,0.7678958785249458,0.22342733188720174,0.008676789587852495
Donovan Mitchell,2022-10-18,119,36,60,13.9136489282075,215,0.0647146461777093,0.5534883720930233,0.16744186046511628,0.27906976744186046
Kyrie Irving,2022-10-18,137,105,120,3.85970439723942,362,0.010662166843202817,0.3784530386740331,0.2900552486187845,0.3314917127071823
Paul George,2022-10-18,213,132,203,12.302783697076,548,0.022450335213642335,0.3886861313868613,0.24087591240875914,0.3704379562043796
Zach LaVine,2022-10-18,54,67,19,-4.96290582702452,140,-0.03544932733588943,0.38571428571428573,0.4785714285714286,0.1357142857142857
Damian Lillard,2022-10-18,88,28,71,9.90210844376847,187,0.05295245157095438,0.47058823529411764,0.1497326203208556,0.37967914438502676
DeMar DeRozan,2022-10-18,43,22,35,4.11019237269453,100,0.0411019237269453,0.43,0.22,0.35
Jaylen Brown,2022-10-18,1185,746,1239,77.2015514257615,3170,0.024353801711596686,0.37381703470031546,0.23533123028391167,0.39085173501577286
Chris Paul,2022-10-18,304,180,218,24.3367488804648,702,0.034667733447955554,0.43304843304843305,0.2564102564102564,0.31054131054131057
Bradley Beal,2022-10-18,72,32,29,6.72011134313387,133,0.05052715295589376,0.5413533834586466,0.24060150375939848,0.21804511278195488
LaMelo Ball,2022-10-18,56,54,61,-0.0183284049657751,171,-1.071836547706146e-4,0.32748538011695905,0.3157894736842105,0.3567251461988304
Pascal Siakam,2022-10-18,35,13,19,4.13956179487644,67,0.061784504401140895,0.5223880597014925,0.19402985074626866,0.2835820895522388
Anthony Edwards,2022-10-18,191,45,184,31.1088211354663,420,0.07406862175111024,0.45476190476190476,0.10714285714285714,0.4380952380952381
Brandon Ingram,2022-10-18,80,25,48,10.1013605998303,153,0.0660219647047732,0.5228758169934641,0.16339869281045752,0.3137254901960784
Anthony Davis,2022-10-18,871,665,946,56.1129234835239,2482,0.02260794660899432,0.3509266720386785,0.2679290894439968,0.38114423851732476
Khris Middleton,2022-10-18,41,24,14,4.25146314312038,79,0.053815989153422526,0.5189873417721519,0.3037974683544304,0.17721518987341772
Bam Adebayo,2022-10-18,149,52,45,17.8111365488471,246,0.07240299410100447,0.6056910569105691,0.21138211382113822,0.18292682926829268
Darius Garland,2022-10-18,74,13,38,11.8959168401758,125,0.0951673347214064,0.592,0.104,0.304
Shai Gilgeous-Alexander,2022-10-18,30,13,28,2.47940539661751,71,0.0349212027692607,0.4225352112676056,0.18309859154929578,0.39436619718309857
Karl-Anthony Towns,2022-10-18,58,22,30,4.55427807486406,110,0.041402527953309634,0.5272727272727272,0.2,0.2727272727272727
James Harden,2022-10-18,1328,3534,138,-397.757921742986,5000,-0.0795515843485972,0.2656,0.7068,0.0276
Jamal Murray,2022-10-18,129,57,70,14.9439658246178,256,0.05837486650241328,0.50390625,0.22265625,0.2734375
De’Aaron Fox,2022-10-18,18,8,10,1.66023876234284,36,0.04611774339841222,0.5,0.2222222222222222,0.2777777777777778
Dejounte Murray,2022-10-18,50,17,17,7.16620404677297,84,0.08531195293777345,0.5952380952380952,0.20238095238095238,0.20238095238095238
Rudy Gobert,2022-10-18,199,88,88,18.4467238717808,375,0.049191263658082136,0.5306666666666666,0.23466666666666666,0.23466666666666666
Andrew Wiggins,2022-10-18,239,90,191,35.849648673379,520,0.06894163206419039,0.4596153846153846,0.17307692307692307,0.36730769230769234
Domantas Sabonis,2022-10-18,14,3,3,1.49893559766157,20,0.07494677988307849,0.7,0.15,0.15
Deandre Ayton,2022-10-18,29,8,10,3.41389964099867,47,0.07263616257443979,0.6170212765957447,0.1702127659574468,0.2127659574468085
Jrue Holiday,2022-10-18,76,11,0,16.1339043129679,87,0.1854471760111253,0.8735632183908046,0.12643678160919541,0
C.J. McCollum,2022-10-18,2,0,0,0.30849768202819,2,0.154248841014095,1,0,0
Klay Thompson,2022-10-18,117,87,96,5.57340583703121,300,0.0185780194567707,0.39,0.29,0.32
Marcus Smart,2022-10-18,1830,855,168,250.086773189646,2853,0.08765747395360883,0.6414300736067298,0.2996845425867508,0.058885383806519455
Jarrett Allen,2022-10-18,40,13,15,7.18407706042868,68,0.10564819206512766,0.5882352941176471,0.19117647058823528,0.22058823529411764
RJ Barrett,2022-10-18,84,32,37,9.94472368530929,153,0.06499819402162935,0.5490196078431373,0.20915032679738563,0.24183006535947713
Cade Cunningham,2022-10-18,72,30,46,10.6818882014842,148,0.07217492028029865,0.4864864864864865,0.20270270270270271,0.3108108108108108
Tyrese Haliburton,2022-10-18,78,30,32,11.345086998933,140,0.08103633570666428,0.5571428571428572,0.21428571428571427,0.22857142857142856
Fred VanVleet,2022-10-18,21,14,7,1.43340796333002,42,0.03412876103166714,0.5,0.3333333333333333,0.16666666666666666
Jordan Poole,2022-10-18,1553,1036,1252,116.797927435768,3841,0.030408208132196825,0.4043217912002083,0.2697214267117938,0.32595678208799794
Stephen Curry,2022-10-19,1071,619,651,94.2385624927616,2341,0.04025568666927023,0.4574967962409227,0.26441691584792826,0.2780862879111491
Giannis Antetokounmpo,2022-10-19,97,19,33,12.2299660794064,149,0.08208030925776108,0.6510067114093959,0.12751677852348994,0.2214765100671141
Nikola Jokic,2022-10-19,117,63,58,11.3681193572863,238,0.047765207383555885,0.49159663865546216,0.2647058823529412,0.24369747899159663
Luka Doncic,2022-10-19,368,161,291,37.8855858209847,820,0.046201933928030126,0.44878048780487806,0.19634146341463415,0.3548780487804878
Kevin Durant,2022-10-19,442,325,345,19.6221757211396,1112,0.017645841475844967,0.39748201438848924,0.2922661870503597,0.3102517985611511
Joel Embiid,2022-10-19,225,241,81,-3.62064142014152,547,-0.006619088519454332,0.4113345521023766,0.4405850091407678,0.1480804387568556
Jayson Tatum,2022-10-19,356,126,200,42.0930788335628,682,0.06172005694070792,0.5219941348973607,0.18475073313782991,0.2932551319648094
LeBron James,2022-10-19,1077,820,868,34.8583360424807,2765,0.012606993143754323,0.3895117540687161,0.2965641952983725,0.3139240506329114
Devin Booker,2022-10-19,252,175,218,7.35880560681119,645,0.011409000940792542,0.39069767441860465,0.2713178294573643,0.33798449612403103
Ja Morant,2022-10-19,1539,1116,1216,97.5031700224349,3871,0.025188109021553835,0.39757168690260913,0.28829759752002065,0.3141307155773702
Jimmy Butler,2022-10-19,539,146,4,82.2340022603527,689,0.11935268833142626,0.7822931785195936,0.21190130624092887,0.005805515239477504
Kawhi Leonard,2022-10-19,105,56,50,11.3409941723361,211,0.053748787546616585,0.4976303317535545,0.26540284360189575,0.23696682464454977
Trae Young,2022-10-19,803,228,18,113.4938315689,1049,0.10819240378350811,0.765490943755958,0.21734985700667303,0.017159199237368923
Donovan Mitchell,2022-10-19,368,184,248,54.4584512886973,800,0.06807306411087162,0.46,0.23,0.31
Kyrie Irving,2022-10-19,304,198,219,19.6525605027155,721,0.02725736546839875,0.42163661581137307,0.27461858529819694,0.30374479889042993
Paul George,2022-10-19,245,125,135,26.4514402930953,505,0.05237908968929762,0.48514851485148514,0.24752475247524752,0.26732673267326734
Zach LaVine,2022-10-19,263,329,176,-21.7220482487068,768,-0.028283916990503644,0.3424479166666667,0.4283854166666667,0.22916666666666666
Damian Lillard,2022-10-19,117,60,105,11.7398601836379,282,0.04163070987105638,0.4148936170212766,0.2127659574468085,0.3723404255319149
DeMar DeRozan,2022-10-19,570,312,481,56.7021401398843,1363,0.04160098322808826,0.4181951577402788,0.2289068231841526,0.3528980190755686
Jaylen Brown,2022-10-19,305,138,162,35.56323022112,605,0.058782198712595046,0.5041322314049587,0.228099173553719,0.26776859504132233
Chris Paul,2022-10-19,388,327,317,-0.188691754723268,1032,-1.8284084760006588e-4,0.375968992248062,0.3168604651162791,0.3071705426356589
Bradley Beal,2022-10-19,142,73,137,7.15940132062371,352,0.02033920829722645,0.4034090909090909,0.20738636363636365,0.38920454545454547
LaMelo Ball,2022-10-19,55,41,23,1.74009309057843,119,0.014622631013264118,0.46218487394957986,0.3445378151260504,0.19327731092436976
Pascal Siakam,2022-10-19,122,48,73,14.0162970566392,243,0.05768023480098436,0.5020576131687243,0.19753086419753085,0.3004115226337449
Anthony Edwards,2022-10-19,176,118,176,9.13283594770889,470,0.019431565846189127,0.37446808510638296,0.251063829787234,0.37446808510638296
Brandon Ingram,2022-10-19,459,310,480,30.9126695044377,1249,0.024749935551991755,0.36749399519615694,0.24819855884707767,0.3843074459567654
Anthony Davis,2022-10-19,576,707,433,-38.6290327375121,1716,-0.022511091338876514,0.3356643356643357,0.412004662004662,0.2523310023310023
Khris Middleton,2022-10-19,20,15,9,1.77577549235318,44,0.04035853391711773,0.45454545454545453,0.3409090909090909,0.20454545454545456
Bam Adebayo,2022-10-19,110,131,70,-9.14964350082285,311,-0.02942007556534678,0.3536977491961415,0.4212218649517685,0.22508038585209003
Darius Garland,2022-10-19,170,233,161,-17.8195276808506,564,-0.03159490723555071,0.30141843971631205,0.41312056737588654,0.2854609929078014
Shai Gilgeous-Alexander,2022-10-19,50,45,55,0.754122437401772,150,0.005027482916011813,0.3333333333333333,0.3,0.36666666666666664
Karl-Anthony Towns,2022-10-19,83,48,44,3.51857367748012,175,0.0201061352998864,0.4742857142857143,0.2742857142857143,0.25142857142857145
James Harden,2022-10-19,464,797,65,-41.7244518845954,1326,-0.03146640413619563,0.34992458521870284,0.6010558069381599,0.049019607843137254
Jamal Murray,2022-10-19,238,161,216,14.3523089636686,615,0.023337087745802603,0.38699186991869916,0.26178861788617885,0.35121951219512193
De’Aaron Fox,2022-10-19,93,52,135,7.721206417899,280,0.027575737206782143,0.33214285714285713,0.18571428571428572,0.48214285714285715
Dejounte Murray,2022-10-19,269,122,96,28.0091448122623,487,0.05751364437836201,0.5523613963039015,0.25051334702258726,0.1971252566735113
Rudy Gobert,2022-10-19,388,182,188,40.0605610030269,758,0.05285034433117005,0.5118733509234829,0.24010554089709762,0.24802110817941952
Andrew Wiggins,2022-10-19,139,88,73,16.1150582630649,300,0.053716860876882995,0.4633333333333333,0.29333333333333333,0.24333333333333335
Domantas Sabonis,2022-10-19,32,11,29,3.06103689870412,72,0.042514401370890555,0.4444444444444444,0.1527777777777778,0.4027777777777778
Deandre Ayton,2022-10-19,60,59,51,-1.93387448440881,170,-0.011375732261228294,0.35294117647058826,0.34705882352941175,0.3
Jrue Holiday,2022-10-19,33,6,0,8.93727317046351,39,0.22916085052470536,0.8461538461538461,0.15384615384615385,0
C.J. McCollum,2022-10-19,14,1,2,0.819908350660891,17,0.04822990298005241,0.8235294117647058,0.058823529411764705,0.11764705882352941
Klay Thompson,2022-10-19,343,143,143,41.4533207984829,629,0.06590353068121288,0.5453100158982512,0.2273449920508744,0.2273449920508744
Marcus Smart,2022-10-19,451,281,73,35.2673867020421,805,0.04381041826340634,0.5602484472049689,0.3490683229813665,0.0906832298136646
Jarrett Allen,2022-10-19,151,111,98,11.5577989702195,360,0.03210499713949861,0.41944444444444445,0.30833333333333335,0.2722222222222222
RJ Barrett,2022-10-19,467,636,366,-56.6617765462017,1469,-0.038571665450103265,0.31790333560245065,0.4329475833900613,0.2491490810074881
Cade Cunningham,2022-10-19,190,89,159,17.0144449186047,438,0.03884576465434863,0.4337899543378995,0.20319634703196346,0.363013698630137
Tyrese Haliburton,2022-10-19,138,59,80,15.9293613949994,277,0.05750671983754296,0.4981949458483754,0.21299638989169675,0.2888086642599278
Fred VanVleet,2022-10-19,70,31,39,8.40507666620463,140,0.06003626190146164,0.5,0.22142857142857142,0.2785714285714286
Jordan Poole,2022-10-19,600,566,443,-9.69460388217856,1609,-0.0060252354768045744,0.3729024238657551,0.3517712865133623,0.2753262896208825
Jordan Poole,2022-10-20,172,131,112,6.40778242052462,415,0.015440439567529204,0.41445783132530123,0.3156626506024096,0.26987951807228916
Giannis Antetokounmpo,2022-10-20,188,108,115,18.4404262388574,411,0.04486721712617372,0.45742092457420924,0.26277372262773724,0.2798053527980535
Nikola Jokic,2022-10-20,62,53,35,1.25652177100862,150,0.008376811806724133,0.41333333333333333,0.35333333333333333,0.23333333333333334
Luka Doncic,2022-10-20,240,195,131,13.2242536931643,566,0.023364405818311486,0.42402826855123676,0.34452296819787986,0.2314487632508834
Kevin Durant,2022-10-20,387,166,176,46.4804707603955,729,0.06375921915006241,0.5308641975308642,0.22770919067215364,0.24142661179698216
Joel Embiid,2022-10-20,453,547,227,-28.3858079583541,1227,-0.023134317814469518,0.3691931540342298,0.44580277098614507,0.1850040749796251
Jayson Tatum,2022-10-20,121,46,185,9.33321069104682,352,0.026514803099564832,0.34375,0.13068181818181818,0.5255681818181818
LeBron James,2022-10-20,786,500,802,45.9711762681814,2088,0.02201684687173439,0.3764367816091954,0.23946360153256704,0.38409961685823757
Devin Booker,2022-10-20,326,194,220,34.7513381422872,740,0.046961267759847575,0.44054054054054054,0.26216216216216215,0.2972972972972973
Ja Morant,2022-10-20,445,207,234,47.9996727311406,886,0.05417570285681783,0.5022573363431151,0.23363431151241534,0.26410835214446954
Jimmy Butler,2022-10-20,217,80,11,31.0144284532003,308,0.10069619627662435,0.7045454545454546,0.2597402597402597,0.03571428571428571
Trae Young,2022-10-20,267,77,5,35.0442523225356,349,0.10041333043706475,0.7650429799426934,0.22063037249283668,0.014326647564469915
Donovan Mitchell,2022-10-20,162,86,108,14.9775074970751,356,0.042071650272682865,0.4550561797752809,0.24157303370786518,0.30337078651685395
Kyrie Irving,2022-10-20,185,177,180,-0.124241465580552,542,-2.2922779627408118e-4,0.3413284132841328,0.32656826568265684,0.33210332103321033
Paul George,2022-10-20,467,363,385,12.8190391298313,1215,0.010550649489573086,0.38436213991769547,0.29876543209876544,0.3168724279835391
Zach LaVine,2022-10-20,70,83,48,-1.20776522916423,201,-0.00600878223464791,0.3482587064676617,0.4129353233830846,0.23880597014925373
Damian Lillard,2022-10-20,106,60,65,5.95296037969343,231,0.02577039125408411,0.4588744588744589,0.2597402597402597,0.2813852813852814
DeMar DeRozan,2022-10-20,269,135,167,28.4057263373587,571,0.04974733158906953,0.4711033274956217,0.23642732049036777,0.29246935201401053
Jaylen Brown,2022-10-20,89,33,88,10.3900186042097,210,0.04947627906766524,0.4238095238095238,0.15714285714285714,0.41904761904761906
Chris Paul,2022-10-20,558,410,425,21.7961727766461,1393,0.015646929487901005,0.4005743000717875,0.29432878679109836,0.3050969131371141
Bradley Beal,2022-10-20,53,25,41,7.06364601712819,119,0.059358369891833525,0.44537815126050423,0.21008403361344538,0.3445378151260504
LaMelo Ball,2022-10-20,46,11,36,6.90734130237127,93,0.07427248712227172,0.4946236559139785,0.11827956989247312,0.3870967741935484
Pascal Siakam,2022-10-20,44,17,14,4.15094710224576,75,0.0553459613632768,0.5866666666666667,0.22666666666666666,0.18666666666666668
Anthony Edwards,2022-10-20,74,32,60,8.991045898473,166,0.054162927099234946,0.4457831325301205,0.1927710843373494,0.3614457831325301
Brandon Ingram,2022-10-20,222,100,150,28.4679642252246,472,0.060313483528018214,0.4703389830508475,0.211864406779661,0.3177966101694915
Anthony Davis,2022-10-20,479,803,662,-106.076068148668,1944,-0.054565878677298355,0.2463991769547325,0.4130658436213992,0.3405349794238683
Khris Middleton,2022-10-20,81,55,29,0.556577121592102,165,0.00337319467631577,0.4909090909090909,0.3333333333333333,0.17575757575757575
Bam Adebayo,2022-10-20,24,26,10,1.09502751165429,60,0.0182504585275715,0.4,0.43333333333333335,0.16666666666666666
Darius Garland,2022-10-20,101,109,48,-4.48561845125201,258,-0.017386118028108563,0.39147286821705424,0.42248062015503873,0.18604651162790697
Shai Gilgeous-Alexander,2022-10-20,24,26,15,-0.444872225373839,65,-0.0068441880826744465,0.36923076923076925,0.4,0.23076923076923078
Karl-Anthony Towns,2022-10-20,29,14,16,2.98745991759469,59,0.050634913857537114,0.4915254237288136,0.23728813559322035,0.2711864406779661
James Harden,2022-10-20,969,2240,79,-212.013195384758,3288,-0.0644808988396466,0.2947080291970803,0.681265206812652,0.02402676399026764
Jamal Murray,2022-10-20,66,78,26,-3.95189717942749,170,-0.023246453996632294,0.38823529411764707,0.4588235294117647,0.15294117647058825
De’Aaron Fox,2022-10-20,83,58,37,8.82572420673248,178,0.04958272026254202,0.46629213483146065,0.3258426966292135,0.20786516853932585
Dejounte Murray,2022-10-20,123,37,35,15.7058253394302,195,0.08054269404836001,0.6307692307692307,0.18974358974358974,0.1794871794871795
Rudy Gobert,2022-10-20,199,96,93,21.3884945754836,388,0.05512498601928762,0.5128865979381443,0.24742268041237114,0.23969072164948454
Andrew Wiggins,2022-10-20,59,11,32,8.71564511334953,102,0.08544750111126989,0.5784313725490197,0.10784313725490197,0.3137254901960784
Domantas Sabonis,2022-10-20,14,10,10,0.647146553685805,34,0.01903372216722956,0.4117647058823529,0.29411764705882354,0.29411764705882354
Deandre Ayton,2022-10-20,60,43,33,4.10414812744879,136,0.030177559760652867,0.4411764705882353,0.3161764705882353,0.2426470588235294
Jrue Holiday,2022-10-20,233,66,1,56.5446658799123,300,0.18848221959970768,0.7766666666666666,0.22,0.0033333333333333335
C.J. McCollum,2022-10-20,1,1,0,0.0610321595889887,2,0.03051607979449435,0.5,0.5,0
Klay Thompson,2022-10-20,128,122,57,1.69220376035401,307,0.005512064365973974,0.4169381107491857,0.3973941368078176,0.18566775244299674
Marcus Smart,2022-10-20,130,47,12,20.5617614945721,189,0.10879238886016984,0.6878306878306878,0.24867724867724866,0.06349206349206349
Jarrett Allen,2022-10-20,32,28,8,1.42862136906542,68,0.021009137780373822,0.47058823529411764,0.4117647058823529,0.11764705882352941
RJ Barrett,2022-10-20,127,93,39,0.799341165206106,259,0.0030862593251201,0.49034749034749037,0.3590733590733591,0.15057915057915058
Cade Cunningham,2022-10-20,53,21,30,5.8261453097046,104,0.056020627977928845,0.5096153846153846,0.20192307692307693,0.28846153846153844
Tyrese Haliburton,2022-10-20,45,10,21,6.19990023806114,76,0.0815776347113308,0.5921052631578947,0.13157894736842105,0.27631578947368424
Fred VanVleet,2022-10-20,22,6,3,1.87650342384398,31,0.06053236851109613,0.7096774193548387,0.1935483870967742,0.0967741935483871
Jordan Poole,2022-10-20,172,132,112,6.23370476456893,416,0.014984867222521467,0.41346153846153844,0.3173076923076923,0.2692307692307692
Kahwi Leonard,2022-10-20,1,3,3,-0.399463407636838,7,-0.05706620109097686,0.14285714285714285,0.42857142857142855,0.42857142857142855
Stephen Curry,2022-10-21,444,243,235,28.0283169021455,922,0.03039947603269577,0.48156182212581344,0.2635574837310195,0.25488069414316705
Giannis Antetokounmpo,2022-10-21,89,35,39,7.89232820574461,163,0.04841919144628595,0.5460122699386503,0.2147239263803681,0.2392638036809816
Nikola Jokic,2022-10-21,75,48,43,3.55963041815525,166,0.021443556735875,0.45180722891566266,0.2891566265060241,0.25903614457831325
Luka Doncic,2022-10-21,103,53,32,12.5329778258115,188,0.0666647756692101,0.5478723404255319,0.28191489361702127,0.1702127659574468
Kevin Durant,2022-10-21,268,182,204,19.5113458731973,654,0.02983386219143318,0.40978593272171254,0.2782874617737003,0.3119266055045872
Joel Embiid,2022-10-21,214,202,96,-0.6175136668836,512,-0.0012060813806320312,0.41796875,0.39453125,0.1875
Jayson Tatum,2022-10-21,376,154,326,48.8359102560454,856,0.05705129702809042,0.4392523364485981,0.17990654205607476,0.3808411214953271
LeBron James,2022-10-21,732,699,621,11.5176491845966,2052,0.00561288946617768,0.3567251461988304,0.3406432748538012,0.3026315789473684
Devin Booker,2022-10-21,107,39,83,12.9579618434399,229,0.056584986215894764,0.4672489082969432,0.1703056768558952,0.3624454148471616
Ja Morant,2022-10-21,924,660,821,61.4171049039846,2405,0.025537257756334555,0.3841995841995842,0.27442827442827444,0.3413721413721414
Jimmy Butler,2022-10-21,454,161,4,61.384859121491,619,0.09916778533358804,0.7334410339256866,0.26009693053311794,0.006462035541195477
Kawhi Leonard,2022-10-21,302,189,218,21.9650306178648,709,0.030980297063278987,0.42595204513399154,0.26657263751763044,0.307475317348378
Trae Young,2022-10-21,736,205,11,105.687822760057,952,0.11101662054627837,0.773109243697479,0.21533613445378152,0.011554621848739496
Donovan Mitchell,2022-10-21,150,85,90,10.5167389183202,325,0.032359196671754464,0.46153846153846156,0.26153846153846155,0.27692307692307694
Kyrie Irving,2022-10-21,190,129,197,11.7354001827781,516,0.02274302361003508,0.3682170542635659,0.25,0.3817829457364341
Paul George,2022-10-21,330,323,254,-5.69947835643564,907,-0.006283879114041499,0.3638368246968026,0.35611907386990077,0.28004410143329656
Zach LaVine,2022-10-21,79,54,62,4.04399889248058,195,0.02073845585887477,0.40512820512820513,0.27692307692307694,0.31794871794871793
Damian Lillard,2022-10-21,145,61,198,16.2222890487929,404,0.04015418081384381,0.3589108910891089,0.15099009900990099,0.4900990099009901
DeMar DeRozan,2022-10-21,285,159,171,22.2161372854556,615,0.03612380046415545,0.4634146341463415,0.25853658536585367,0.2780487804878049
Jaylen Brown,2022-10-21,472,214,415,56.6319689964224,1101,0.051436847408194736,0.4287011807447775,0.1943687556766576,0.37693006357856496
Chris Paul,2022-10-21,255,169,145,11.6996212217553,569,0.020561724467056768,0.44815465729349735,0.29701230228471004,0.2548330404217926
Bradley Beal,2022-10-21,259,172,295,7.78253725495388,726,0.01071974828506044,0.35674931129476584,0.2369146005509642,0.40633608815426997
LaMelo Ball,2022-10-21,35,25,47,1.99900372927083,107,0.018682277843652617,0.32710280373831774,0.2336448598130841,0.4392523364485981
Pascal Siakam,2022-10-21,191,122,145,17.7276167959013,458,0.038706586890614195,0.4170305676855895,0.2663755458515284,0.3165938864628821
Anthony Edwards,2022-10-21,90,81,83,1.02768671736933,254,0.004046010698304449,0.3543307086614173,0.3188976377952756,0.32677165354330706
Brandon Ingram,2022-10-21,282,152,201,34.5923395303918,635,0.054476125244711494,0.4440944881889764,0.23937007874015748,0.3165354330708661
Anthony Davis,2022-10-21,358,394,296,-13.331080500011,1048,-0.01272049666031584,0.3416030534351145,0.37595419847328243,0.2824427480916031
Khris Middleton,2022-10-21,29,13,7,2.30449506018841,49,0.04703051143241653,0.5918367346938775,0.2653061224489796,0.14285714285714285
Bam Adebayo,2022-10-21,124,79,74,7.77747913244078,277,0.028077541994371045,0.44765342960288806,0.2851985559566787,0.26714801444043323
Darius Garland,2022-10-21,34,29,39,-0.836399305334793,102,-0.008199993189556795,0.3333333333333333,0.28431372549019607,0.38235294117647056
Shai Gilgeous-Alexander,2022-10-21,11,9,5,0.863230414276223,25,0.034529216571048925,0.44,0.36,0.2
Karl-Anthony Towns,2022-10-21,52,46,33,-0.0645484233251691,131,-4.927360559173214e-4,0.3969465648854962,0.3511450381679389,0.25190839694656486
James Harden,2022-10-21,301,533,27,-31.5003751775798,861,-0.03658580159997654,0.34959349593495936,0.6190476190476191,0.0313588850174216
Jamal Murray,2022-10-21,96,91,68,-2.86219627665296,255,-0.011224299124129256,0.3764705882352941,0.3568627450980392,0.26666666666666666
De’Aaron Fox,2022-10-21,45,15,13,6.80476688036325,73,0.09321598466251027,0.6164383561643836,0.2054794520547945,0.1780821917808219
Dejounte Murray,2022-10-21,137,54,67,13.4302904073636,258,0.05205538917582791,0.5310077519379846,0.20930232558139536,0.25968992248062017
Rudy Gobert,2022-10-21,298,275,167,-2.46303963968474,740,-0.003328431945519919,0.4027027027027027,0.3716216216216216,0.22567567567567567
Andrew Wiggins,2022-10-21,96,31,99,12.0234049897411,226,0.05320090703425266,0.4247787610619469,0.13716814159292035,0.43805309734513276
Domantas Sabonis,2022-10-21,2,0,3,0.133171352280564,5,0.026634270456112802,0.4,0,0.6
Deandre Ayton,2022-10-21,42,32,29,1.04246816092604,103,0.010121050106078059,0.4077669902912621,0.3106796116504854,0.2815533980582524
Jrue Holiday,2022-10-21,96,14,1,21.6522492262339,111,0.19506530834444955,0.8648648648648649,0.12612612612612611,0.009009009009009009
C.J. McCollum,2022-10-21,8,2,3,0.865432296665834,13,0.06657171512814107,0.6153846153846154,0.15384615384615385,0.23076923076923078
Klay Thompson,2022-10-21,194,114,74,23.4638885632559,382,0.06142379205040811,0.5078534031413613,0.29842931937172773,0.193717277486911
Marcus Smart,2022-10-21,350,117,12,55.9591431829202,479,0.11682493357603382,0.7306889352818372,0.24425887265135698,0.025052192066805846
Jarrett Allen,2022-10-21,16,7,13,0.892989835408725,36,0.024805273205797916,0.4444444444444444,0.19444444444444445,0.3611111111111111
RJ Barrett,2022-10-21,89,54,63,9.92669128191516,206,0.048187821756869705,0.4320388349514563,0.2621359223300971,0.3058252427184466
Cade Cunningham,2022-10-21,78,46,52,4.03434073964763,176,0.022922390566179715,0.4431818181818182,0.26136363636363635,0.29545454545454547
Tyrese Haliburton,2022-10-21,86,35,47,8.34471333957476,168,0.049670912735564045,0.5119047619047619,0.20833333333333334,0.27976190476190477
Fred VanVleet,2022-10-21,33,14,25,3.13286980287222,72,0.043512080595447505,0.4583333333333333,0.19444444444444445,0.3472222222222222
Jordan Poole,2022-10-21,183,199,185,-2.81287928738289,567,-0.004960986397500688,0.32275132275132273,0.3509700176366843,0.3262786596119929
Stephen Curry,2022-10-22,374,241,215,27.9721375045039,830,0.033701370487354096,0.4506024096385542,0.29036144578313255,0.25903614457831325
Giannis Antetokounmpo,2022-10-22,109,91,49,5.5338596107555,249,0.022224335786166668,0.43775100401606426,0.3654618473895582,0.19678714859437751
Nikola Jokic,2022-10-22,297,171,157,25.5047965648901,625,0.04080767450382416,0.4752,0.2736,0.2512
Luka Doncic,2022-10-22,325,209,280,25.5887157533204,814,0.03143576873872285,0.39926289926289926,0.25675675675675674,0.343980343980344
Kevin Durant,2022-10-22,153,83,79,10.860594148838,315,0.03447807666297778,0.4857142857142857,0.2634920634920635,0.2507936507936508
Joel Embiid,2022-10-22,217,219,94,-1.04561488029732,530,-0.0019728582647119243,0.40943396226415096,0.41320754716981134,0.17735849056603772
Jayson Tatum,2022-10-22,566,213,435,66.8782539315517,1214,0.05508917127804917,0.46622734761120266,0.17545304777594728,0.35831960461285006
LeBron James,2022-10-22,394,336,310,14.1497012275893,1040,0.013605481949605097,0.37884615384615383,0.3230769230769231,0.2980769230769231
Devin Booker,2022-10-22,106,74,76,5.32589765819816,256,0.020804287727336564,0.4140625,0.2890625,0.296875
Ja Morant,2022-10-22,749,567,457,39.8317149744169,1773,0.022465716285627126,0.4224478285391991,0.3197969543147208,0.2577552171460801
Jimmy Butler,2022-10-22,271,91,5,36.6017476636699,367,0.0997322824623158,0.7384196185286104,0.24795640326975477,0.013623978201634877
Kawhi Leonard,2022-10-22,75,60,53,4.27351910365696,188,0.02273148459392,0.39893617021276595,0.3191489361702128,0.28191489361702127
Trae Young,2022-10-22,329,69,2,54.1899587298341,400,0.13547489682458524,0.8225,0.1725,0.005
Donovan Mitchell,2022-10-22,490,181,325,75.7637869447,996,0.0760680591814257,0.4919678714859438,0.1817269076305221,0.32630522088353414
Kyrie Irving,2022-10-22,105,43,53,9.05483465612968,201,0.04504892863746109,0.5223880597014925,0.21393034825870647,0.263681592039801
Paul George,2022-10-22,270,160,225,24.2433702483801,655,0.03701277900516046,0.4122137404580153,0.24427480916030533,0.3435114503816794
Zach LaVine,2022-10-22,167,114,121,9.9919202177307,402,0.024855522929678357,0.4154228855721393,0.2835820895522388,0.3009950248756219
Damian Lillard,2022-10-22,191,90,197,25.1441349991372,478,0.05260279288522427,0.399581589958159,0.18828451882845187,0.4121338912133891
DeMar DeRozan,2022-10-22,144,137,90,1.46709996057445,371,0.0039544473330847705,0.3881401617250674,0.3692722371967655,0.24258760107816713
Jaylen Brown,2022-10-22,316,288,322,-6.17876713554207,926,-0.006672534703609147,0.3412526997840173,0.31101511879049676,0.34773218142548595
Chris Paul,2022-10-22,258,238,165,-6.42665266805529,661,-0.009722621282988337,0.3903177004538578,0.3600605143721634,0.24962178517397882
Bradley Beal,2022-10-22,85,57,50,1.83816251846784,192,0.00957376311702,0.4427083333333333,0.296875,0.2604166666666667
LaMelo Ball,2022-10-22,33,17,23,3.37968857965222,73,0.046297103830852324,0.4520547945205479,0.2328767123287671,0.3150684931506849
Pascal Siakam,2022-10-22,112,47,56,13.1429850270802,215,0.061130162916652096,0.5209302325581395,0.2186046511627907,0.26046511627906976
Anthony Edwards,2022-10-22,52,30,38,2.42004784740701,120,0.020167065395058418,0.43333333333333335,0.25,0.31666666666666665
Brandon Ingram,2022-10-22,93,47,63,14.3945705258559,203,0.07090921441308325,0.458128078817734,0.2315270935960591,0.3103448275862069
Anthony Davis,2022-10-22,99,137,102,-5.21902524273568,338,-0.015440903085016805,0.29289940828402367,0.40532544378698226,0.30177514792899407
Khris Middleton,2022-10-22,22,10,6,1.45787979381679,38,0.03836525773202079,0.5789473684210527,0.2631578947368421,0.15789473684210525
Bam Adebayo,2022-10-22,51,29,28,1.53838246370081,108,0.014244282071303797,0.4722222222222222,0.26851851851851855,0.25925925925925924
Darius Garland,2022-10-22,70,53,45,2.90510012870826,168,0.0172922626708825,0.4166666666666667,0.31547619047619047,0.26785714285714285
Shai Gilgeous-Alexander,2022-10-22,34,19,38,3.27530496136423,91,0.03599236221279374,0.37362637362637363,0.2087912087912088,0.4175824175824176
Karl-Anthony Towns,2022-10-22,14,10,7,0.635369682729317,31,0.020495796217074744,0.45161290322580644,0.3225806451612903,0.22580645161290322
James Harden,2022-10-22,301,698,27,-72.3365760508959,1026,-0.0705034854297231,0.2933723196881092,0.6803118908382066,0.02631578947368421
Jamal Murray,2022-10-22,131,122,88,2.66167570058564,341,0.0078055005882276835,0.3841642228739003,0.35777126099706746,0.25806451612903225
De’Aaron Fox,2022-10-22,56,30,35,6.5093815194419,121,0.05379654148299091,0.4628099173553719,0.24793388429752067,0.2892561983471074
Dejounte Murray,2022-10-22,60,21,18,6.79364020658534,99,0.06862262834934686,0.6060606060606061,0.21212121212121213,0.18181818181818182
Rudy Gobert,2022-10-22,120,109,52,0.135805496824503,281,4.8329358300534873e-4,0.42704626334519574,0.3879003558718861,0.18505338078291814
Andrew Wiggins,2022-10-22,108,46,58,11.1414969920214,212,0.052554231094440566,0.5094339622641509,0.2169811320754717,0.27358490566037735
Domantas Sabonis,2022-10-22,19,8,11,0.980565679862172,38,0.02580435999637295,0.5,0.21052631578947367,0.2894736842105263
Deandre Ayton,2022-10-22,58,86,62,-7.71437533245534,206,-0.03744842394395796,0.2815533980582524,0.4174757281553398,0.30097087378640774
Jrue Holiday,2022-10-22,206,24,1,51.9800112593775,231,0.22502169376353895,0.8917748917748918,0.1038961038961039,0.004329004329004329
C.J. McCollum,2022-10-22,1,0,2,0.312707074249551,3,0.104235691416517,0.3333333333333333,0,0.6666666666666666
Klay Thompson,2022-10-22,149,158,116,-8.20845067299535,423,-0.019405320739941723,0.35224586288416077,0.3735224586288416,0.27423167848699764
Marcus Smart,2022-10-22,407,141,20,64.4011881757497,568,0.1133823735488551,0.7165492957746479,0.2482394366197183,0.035211267605633804
Jarrett Allen,2022-10-22,36,22,22,1.34338495298469,80,0.016792311912308625,0.45,0.275,0.275
RJ Barrett,2022-10-22,34,23,8,3.52934396503336,65,0.05429759946205169,0.5230769230769231,0.35384615384615387,0.12307692307692308
Cade Cunningham,2022-10-22,85,74,57,-1.3350906171909,216,-0.006180975079587501,0.39351851851851855,0.3425925925925926,0.2638888888888889
Tyrese Haliburton,2022-10-22,76,39,56,8.57187472865261,171,0.050127922389781344,0.4444444444444444,0.22807017543859648,0.32748538011695905
Fred VanVleet,2022-10-22,25,24,13,-1.2076992274972,62,-0.019479019798341938,0.4032258064516129,0.3870967741935484,0.20967741935483872
Jordan Poole,2022-10-22,277,343,216,-23.7004271836582,836,-0.0283497932818878,0.33133971291866027,0.4102870813397129,0.2583732057416268
Stephen Curry,2022-10-23,326,220,354,22.9509415580593,900,0.025501046175621444,0.3622222222222222,0.24444444444444444,0.3933333333333333
Giannis Antetokounmpo,2022-10-23,116,48,42,11.1274309444516,206,0.0540166550701534,0.5631067961165048,0.23300970873786409,0.20388349514563106
Nikola Jokic,2022-10-23,84,52,38,7.25046501048404,174,0.04166933914071287,0.4827586206896552,0.2988505747126437,0.21839080459770116
Luka Doncic,2022-10-23,185,105,115,13.6953839848786,405,0.03381576292562617,0.4567901234567901,0.25925925925925924,0.2839506172839506
Kevin Durant,2022-10-23,105,56,76,8.88408197004347,237,0.03748557793267287,0.4430379746835443,0.23628691983122363,0.3206751054852321
Joel Embiid,2022-10-23,93,77,35,1.7111149679076,205,0.008346902282476098,0.45365853658536587,0.375609756097561,0.17073170731707318
Jayson Tatum,2022-10-23,268,101,136,33.7226692968667,505,0.06677756296409247,0.5306930693069307,0.2,0.2693069306930693
LeBron James,2022-10-23,755,645,820,-9.77473598877437,2220,-0.004403034229177644,0.3400900900900901,0.2905405405405405,0.36936936936936937
Devin Booker,2022-10-23,151,99,123,10.074144263409,373,0.027008429660613942,0.40482573726541554,0.26541554959785524,0.3297587131367292
Ja Morant,2022-10-23,223,127,96,18.065352844311,446,0.04050527543567489,0.5,0.28475336322869954,0.21524663677130046
Jimmy Butler,2022-10-23,137,33,2,23.2335309189642,172,0.1350786681335128,0.7965116279069767,0.19186046511627908,0.011627906976744186
Kawhi Leonard,2022-10-23,110,66,75,10.3374254584112,251,0.04118496198570199,0.43824701195219123,0.26294820717131473,0.29880478087649404
Trae Young,2022-10-23,375,100,7,55.8942483079627,482,0.11596317076340809,0.7780082987551867,0.2074688796680498,0.014522821576763486
Donovan Mitchell,2022-10-23,674,325,549,85.6531065270428,1548,0.05533146416475633,0.4354005167958656,0.2099483204134367,0.3546511627906977
Kyrie Irving,2022-10-23,49,37,55,4.24064563069954,141,0.030075500926947094,0.3475177304964539,0.2624113475177305,0.3900709219858156
Paul George,2022-10-23,686,424,593,49.4479112685548,1703,0.029035767039668113,0.4028185554903112,0.24897240164415738,0.3482090428655314
Zach LaVine,2022-10-23,29,49,28,-3.35234711871897,106,-0.031625916214329905,0.27358490566037735,0.46226415094339623,0.2641509433962264
Damian Lillard,2022-10-23,382,373,734,-4.54301200594551,1489,-0.0030510490301850304,0.25654801880456685,0.25050369375419745,0.49294828744123576
DeMar DeRozan,2022-10-23,46,21,15,3.36295670643527,82,0.04101166715164963,0.5609756097560976,0.25609756097560976,0.18292682926829268
Jaylen Brown,2022-10-23,74,42,56,7.73298511178212,172,0.04495921576617511,0.43023255813953487,0.2441860465116279,0.32558139534883723
Chris Paul,2022-10-23,258,163,180,17.67411057995,601,0.02940783790341098,0.4292845257903494,0.27121464226289516,0.2995008319467554
Bradley Beal,2022-10-23,68,66,61,-0.12157050773762,195,-6.234385012185641e-4,0.3487179487179487,0.3384615384615385,0.3128205128205128
LaMelo Ball,2022-10-23,32,12,20,3.20854596740737,64,0.05013353074074016,0.5,0.1875,0.3125
Pascal Siakam,2022-10-23,28,14,13,4.13889679617299,55,0.07525266902132709,0.509090909090909,0.2545454545454545,0.23636363636363636
Anthony Edwards,2022-10-23,135,114,122,5.25936236960569,371,0.014176178893815877,0.3638814016172507,0.30727762803234504,0.3288409703504043
Brandon Ingram,2022-10-23,237,307,257,-28.4037443856898,801,-0.03546035503831436,0.2958801498127341,0.383270911360799,0.3208489388264669
Anthony Davis,2022-10-23,339,361,400,7.32178494791627,1100,0.006656168134469336,0.30818181818181817,0.3281818181818182,0.36363636363636365
Khris Middleton,2022-10-23,9,11,6,-0.0403979504924565,26,-0.0015537673266329424,0.34615384615384615,0.4230769230769231,0.23076923076923078
Bam Adebayo,2022-10-23,9,13,0,-0.689478708151883,22,-0.031339941279631044,0.4090909090909091,0.5909090909090909,0
Darius Garland,2022-10-23,54,58,38,-4.46878781537997,150,-0.029791918769199798,0.36,0.38666666666666666,0.25333333333333335
Shai Gilgeous-Alexander,2022-10-23,27,51,59,-5.0423665131663,137,-0.03680559498661533,0.19708029197080293,0.3722627737226277,0.4306569343065693
Karl-Anthony Towns,2022-10-23,16,22,22,-0.594097247689942,60,-0.009901620794832366,0.26666666666666666,0.36666666666666664,0.36666666666666664
James Harden,2022-10-23,116,227,11,-16.9529038015284,354,-0.04788955876137966,0.327683615819209,0.6412429378531074,0.031073446327683617
Jamal Murray,2022-10-23,46,34,31,3.24282512368632,111,0.029214640753930814,0.4144144144144144,0.3063063063063063,0.27927927927927926
De’Aaron Fox,2022-10-23,150,83,71,12.3001315243867,304,0.040460958961798354,0.4934210526315789,0.2730263157894737,0.23355263157894737
Dejounte Murray,2022-10-23,56,26,18,5.41651396764964,100,0.054165139676496395,0.56,0.26,0.18
Rudy Gobert,2022-10-23,109,75,66,4.75925369296942,250,0.019037014771877678,0.436,0.3,0.264
Andrew Wiggins,2022-10-23,96,40,117,15.3304203406595,253,0.060594546801025696,0.3794466403162055,0.15810276679841898,0.4624505928853755
Domantas Sabonis,2022-10-23,21,21,19,-0.047278078306324,61,-7.750504640380984e-4,0.3442622950819672,0.3442622950819672,0.3114754098360656
Deandre Ayton,2022-10-23,25,21,31,1.80869309587983,77,0.023489520725712077,0.3246753246753247,0.2727272727272727,0.4025974025974026
Jrue Holiday,2022-10-23,83,9,1,24.966780522382,93,0.2684600056170107,0.8924731182795699,0.0967741935483871,0.010752688172043012
C.J. McCollum,2022-10-23,6,1,3,0.446143960182591,10,0.0446143960182591,0.6,0.1,0.3
Klay Thompson,2022-10-23,95,70,77,3.11839461937037,242,0.012885928179216405,0.3925619834710744,0.2892561983471074,0.3181818181818182
Marcus Smart,2022-10-23,141,31,6,27.5643016721988,178,0.15485562737190336,0.7921348314606742,0.17415730337078653,0.033707865168539325
Jarrett Allen,2022-10-23,96,73,70,3.97434675550878,239,0.01662906592263088,0.401673640167364,0.3054393305439331,0.2928870292887029
RJ Barrett,2022-10-23,20,10,10,0.907762229161948,40,0.0226940557290487,0.5,0.25,0.25
Cade Cunningham,2022-10-23,20,18,17,1.30989079507044,55,0.023816196274007998,0.36363636363636365,0.32727272727272727,0.3090909090909091
Tyrese Haliburton,2022-10-23,46,21,24,4.04468124855944,91,0.04444704668746638,0.5054945054945055,0.23076923076923078,0.26373626373626374
Fred VanVleet,2022-10-23,3,4,3,0.0716194012902424,10,0.0071619401290242395,0.3,0.4,0.3
Jordan Poole,2022-10-23,159,99,132,16.1617131931994,390,0.04144029023897282,0.4076923076923077,0.25384615384615383,0.3384615384615385
Stephen Curry,2022-10-24,272,169,187,20.5864014165144,628,0.032780893975341396,0.43312101910828027,0.26910828025477707,0.29777070063694266
Giannis Antetokounmpo,2022-10-24,43,21,11,4.45479554333416,75,0.05939727391112213,0.5733333333333334,0.28,0.14666666666666667
Nikola Jokic,2022-10-24,69,48,36,1.55551262815188,153,0.01016674920360706,0.45098039215686275,0.3137254901960784,0.23529411764705882
Luka Doncic,2022-10-24,79,34,42,7.63209790342092,155,0.049239341312393034,0.5096774193548387,0.21935483870967742,0.2709677419354839
Kevin Durant,2022-10-24,314,221,233,17.8370622115763,768,0.023225341421323306,0.4088541666666667,0.2877604166666667,0.3033854166666667
Joel Embiid,2022-10-24,156,113,48,5.04271712716429,317,0.015907625006827415,0.4921135646687697,0.35646687697160884,0.15141955835962145
Jayson Tatum,2022-10-24,428,234,418,37.0308115278993,1080,0.034287788451758616,0.3962962962962963,0.21666666666666667,0.387037037037037
LeBron James,2022-10-24,481,563,405,-36.7539170326982,1449,-0.02536502210676204,0.33195307108350586,0.388543823326432,0.2795031055900621
Devin Booker,2022-10-24,240,149,191,18.8598746723836,580,0.032517025297213106,0.41379310344827586,0.25689655172413794,0.3293103448275862
Ja Morant,2022-10-24,707,518,559,28.1523598400165,1784,0.015780470762341087,0.3963004484304933,0.29035874439461884,0.3133408071748879
Jimmy Butler,2022-10-24,320,82,1,48.0132088143364,403,0.1191394759660953,0.794044665012407,0.20347394540942929,0.0024813895781637717
Kawhi Leonard,2022-10-24,65,50,33,4.36543115873334,148,0.029496156477927974,0.4391891891891892,0.33783783783783783,0.22297297297297297
Trae Young,2022-10-24,197,54,1,29.4095816828702,252,0.1167046892177389,0.7817460317460317,0.21428571428571427,0.003968253968253968
Donovan Mitchell,2022-10-24,281,111,183,36.8795630764394,575,0.0641383705677207,0.48869565217391303,0.19304347826086957,0.3182608695652174
Kyrie Irving,2022-10-24,148,140,162,1.26381685549654,450,0.0028084819011034226,0.3288888888888889,0.3111111111111111,0.36
Paul George,2022-10-24,256,218,174,5.27266986128404,648,0.008136836205685246,0.3950617283950617,0.33641975308641975,0.26851851851851855
Zach LaVine,2022-10-24,109,71,51,4.66734134441519,231,0.020204940884914244,0.47186147186147187,0.30735930735930733,0.22077922077922077
Damian Lillard,2022-10-24,268,140,223,22.7228227138133,631,0.03601081254170095,0.4247226624405705,0.2218700475435816,0.35340729001584786
DeMar DeRozan,2022-10-24,80,32,42,8.06296644676414,154,0.05235692497898792,0.5194805194805194,0.2077922077922078,0.2727272727272727
Jaylen Brown,2022-10-24,396,217,239,51.344205220537,852,0.06026315166729695,0.4647887323943662,0.2546948356807512,0.2805164319248826
Chris Paul,2022-10-24,291,207,158,25.9564170401481,656,0.03956770890266478,0.44359756097560976,0.3155487804878049,0.24085365853658536
Bradley Beal,2022-10-24,44,14,25,4.98514562490742,83,0.06006199548081229,0.5301204819277109,0.1686746987951807,0.30120481927710846
LaMelo Ball,2022-10-24,36,11,11,3.605910790054,58,0.06217087569058621,0.6206896551724138,0.1896551724137931,0.1896551724137931
Pascal Siakam,2022-10-24,108,45,72,13.1701184860046,225,0.05853385993779822,0.48,0.2,0.32
Anthony Edwards,2022-10-24,160,141,177,-2.87451356652607,478,-0.006013626708213536,0.33472803347280333,0.29497907949790797,0.3702928870292887
Brandon Ingram,2022-10-24,88,212,93,-42.2927516482728,393,-0.10761514414318778,0.22391857506361323,0.539440203562341,0.2366412213740458
Anthony Davis,2022-10-24,152,144,88,-0.72012646879429,384,-0.0018753293458184635,0.3958333333333333,0.375,0.22916666666666666
Khris Middleton,2022-10-24,44,14,19,4.26440285542703,77,0.055381855265286106,0.5714285714285714,0.18181818181818182,0.24675324675324675
Bam Adebayo,2022-10-24,58,44,32,2.31399755947519,134,0.017268638503546194,0.43283582089552236,0.3283582089552239,0.23880597014925373
Darius Garland,2022-10-24,29,12,20,2.46947500766517,61,0.04048319684697,0.47540983606557374,0.19672131147540983,0.32786885245901637
Shai Gilgeous-Alexander,2022-10-24,13,14,11,-0.12590993374572,38,-0.0033134193090978946,0.34210526315789475,0.3684210526315789,0.2894736842105263
Karl-Anthony Towns,2022-10-24,28,21,18,0.252789021821832,67,0.0037729704749527165,0.417910447761194,0.31343283582089554,0.26865671641791045
James Harden,2022-10-24,427,907,27,-63.6661241763107,1361,-0.046778930327928514,0.31373989713445993,0.6664217487141807,0.019838354151359296
Jamal Murray,2022-10-24,68,64,88,0.250636404778954,220,0.0011392563853588817,0.3090909090909091,0.2909090909090909,0.4
De’Aaron Fox,2022-10-24,28,24,9,1.50662922713555,61,0.024698839789107377,0.45901639344262296,0.39344262295081966,0.14754098360655737
Dejounte Murray,2022-10-24,33,10,12,4.06479452784478,55,0.07390535505172328,0.6,0.18181818181818182,0.21818181818181817
Rudy Gobert,2022-10-24,95,87,62,-1.40716879372573,244,-0.005767085220187418,0.38934426229508196,0.35655737704918034,0.2540983606557377
Andrew Wiggins,2022-10-24,83,36,43,10.3320229403471,162,0.06377791938485865,0.5123456790123457,0.2222222222222222,0.2654320987654321
Domantas Sabonis,2022-10-24,8,4,4,0.0675233487491205,16,0.004220209296820031,0.5,0.25,0.25
Deandre Ayton,2022-10-24,17,19,17,-0.641846601663826,53,-0.012110313238940114,0.32075471698113206,0.3584905660377358,0.32075471698113206
Jrue Holiday,2022-10-24,41,7,0,9.72516451034121,48,0.2026075939654419,0.8541666666666666,0.14583333333333334,0
C.J. McCollum,2022-10-24,5,0,0,0.665343362420533,5,0.13306867248410661,1,0,0
Klay Thompson,2022-10-24,90,67,52,4.54836434166477,209,0.021762508811793157,0.430622009569378,0.32057416267942584,0.24880382775119617
Marcus Smart,2022-10-24,295,77,17,57.3214538644777,389,0.147355922530791,0.7583547557840618,0.19794344473007713,0.043701799485861184
Jarrett Allen,2022-10-24,27,13,13,2.81424723547347,53,0.05309900444289566,0.5094339622641509,0.24528301886792453,0.24528301886792453
RJ Barrett,2022-10-24,167,159,98,-6.88758789475215,424,-0.016244311072528654,0.3938679245283019,0.375,0.23113207547169812
Cade Cunningham,2022-10-24,22,10,13,0.929401692151331,45,0.020653370936696242,0.4888888888888889,0.2222222222222222,0.28888888888888886
Tyrese Haliburton,2022-10-24,93,56,54,6.43020260419861,203,0.0316758748975301,0.458128078817734,0.27586206896551724,0.2660098522167488
Fred VanVleet,2022-10-24,69,26,32,8.35353338224065,127,0.06577585340346968,0.5433070866141733,0.2047244094488189,0.25196850393700787
Jordan Poole,2022-10-24,105,41,87,13.8344519803265,233,0.05937533038766738,0.45064377682403434,0.1759656652360515,0.37339055793991416
Stephen Curry,2022-10-25,356,221,307,25.8087048742101,884,0.029195367504762558,0.40271493212669685,0.25,0.34728506787330315
Giannis Antetokounmpo,2022-10-25,67,17,20,8.39328146484883,104,0.08070462946970028,0.6442307692307693,0.16346153846153846,0.19230769230769232
Nikola Jokic,2022-10-25,35,56,25,-7.67486894065201,116,-0.06616266328148285,0.3017241379310345,0.4827586206896552,0.21551724137931033
Luka Doncic,2022-10-25,282,175,185,18.5645272172362,642,0.028916709061115577,0.4392523364485981,0.27258566978193144,0.2881619937694704
Kevin Durant,2022-10-25,198,189,110,6.92907748700227,497,0.013941805808857686,0.3983903420523139,0.38028169014084506,0.22132796780684105
Joel Embiid,2022-10-25,99,65,32,4.7249831238846,196,0.024107056754513266,0.5051020408163265,0.33163265306122447,0.16326530612244897
Jayson Tatum,2022-10-25,117,74,153,8.06438048225229,344,0.02344296651817526,0.34011627906976744,0.21511627906976744,0.44476744186046513
LeBron James,2022-10-25,548,464,358,13.0520042497205,1370,0.00952701040125584,0.4,0.3386861313868613,0.2613138686131387
Devin Booker,2022-10-25,416,398,368,-10.0874817347707,1182,-0.008534248506574195,0.35194585448392557,0.33671742808798644,0.311336717428088
Ja Morant,2022-10-25,525,384,296,42.0833457982608,1205,0.0349239384217932,0.43568464730290457,0.31867219917012446,0.24564315352697094
Jimmy Butler,2022-10-25,199,82,2,24.9343607049104,283,0.08810728164279294,0.7031802120141343,0.28975265017667845,0.007067137809187279
Kawhi Leonard,2022-10-25,128,131,74,-2.53190417839287,333,-0.00760331585102964,0.3843843843843844,0.3933933933933934,0.2222222222222222
Trae Young,2022-10-25,198,35,4,33.1115326978081,237,0.13971110842957005,0.8354430379746836,0.14767932489451477,0.016877637130801686
Donovan Mitchell,2022-10-25,75,36,67,4.01569597816241,178,0.02256008976495736,0.42134831460674155,0.20224719101123595,0.37640449438202245
Kyrie Irving,2022-10-25,125,120,87,5.26140060587734,332,0.015847592186377532,0.37650602409638556,0.3614457831325301,0.2620481927710843
Paul George,2022-10-25,217,149,132,13.5326173102554,498,0.027173930341878313,0.4357429718875502,0.2991967871485944,0.26506024096385544
Zach LaVine,2022-10-25,32,17,16,1.83171136028675,65,0.02818017477364231,0.49230769230769234,0.26153846153846155,0.24615384615384617
Damian Lillard,2022-10-25,238,101,167,26.5166996785138,506,0.05240454481919723,0.47035573122529645,0.19960474308300397,0.3300395256916996
DeMar DeRozan,2022-10-25,76,49,46,8.28659989580318,171,0.048459648513468886,0.4444444444444444,0.28654970760233917,0.26900584795321636
Jaylen Brown,2022-10-25,457,603,558,-22.2152236133144,1618,-0.013730051676955748,0.28244746600741655,0.3726823238566131,0.34487021013597036
Chris Paul,2022-10-25,414,418,396,-11.5841401915095,1228,-0.009433338918167345,0.33713355048859933,0.34039087947882735,0.32247557003257327
Bradley Beal,2022-10-25,338,503,458,-57.804471408385,1299,-0.04449920816657814,0.2602001539645881,0.3872209391839877,0.3525789068514242
LaMelo Ball,2022-10-25,37,14,26,4.5578409352845,77,0.059192739419279224,0.4805194805194805,0.18181818181818182,0.33766233766233766
Pascal Siakam,2022-10-25,31,16,23,1.04745533067617,70,0.014963647581088143,0.44285714285714284,0.22857142857142856,0.32857142857142857
Anthony Edwards,2022-10-25,172,133,97,5.61391446814245,402,0.013964961363538433,0.42786069651741293,0.3308457711442786,0.24129353233830847
Brandon Ingram,2022-10-25,126,122,77,-4.0220712639088,325,-0.012375603888950154,0.38769230769230767,0.37538461538461537,0.23692307692307693
Anthony Davis,2022-10-25,154,171,134,-2.0368979136951,459,-0.0044376860864817,0.3355119825708061,0.37254901960784315,0.29193899782135074
Khris Middleton,2022-10-25,12,8,11,1.12022425069344,31,0.03613626615140129,0.3870967741935484,0.25806451612903225,0.3548387096774194
Bam Adebayo,2022-10-25,15,15,12,-1.36147805794441,42,-0.032416144236771666,0.35714285714285715,0.35714285714285715,0.2857142857142857
Darius Garland,2022-10-25,26,14,37,1.71278787105433,77,0.02224399832538091,0.33766233766233766,0.18181818181818182,0.4805194805194805
Shai Gilgeous-Alexander,2022-10-25,128,63,80,8.80820860949628,271,0.032502614795189226,0.47232472324723246,0.23247232472324722,0.2952029520295203
Karl-Anthony Towns,2022-10-25,83,50,33,4.33944669372633,166,0.0261412451429297,0.5,0.30120481927710846,0.19879518072289157
James Harden,2022-10-25,293,337,14,1.90387155169869,644,0.002956322285246413,0.4549689440993789,0.5232919254658385,0.021739130434782608
Jamal Murray,2022-10-25,55,80,45,-4.2982533833395,180,-0.02387918546299722,0.3055555555555556,0.4444444444444444,0.25
De’Aaron Fox,2022-10-25,25,8,8,2.12252836674714,41,0.0517689845548083,0.6097560975609756,0.1951219512195122,0.1951219512195122
Dejounte Murray,2022-10-25,19,4,11,4.2449059266442,34,0.1248501743130647,0.5588235294117647,0.11764705882352941,0.3235294117647059
Rudy Gobert,2022-10-25,80,64,48,3.11055955057011,192,0.016200830992552654,0.4166666666666667,0.3333333333333333,0.25
Andrew Wiggins,2022-10-25,177,70,101,25.7435076980288,348,0.07397559683341609,0.5086206896551724,0.20114942528735633,0.29022988505747127
Domantas Sabonis,2022-10-25,3,1,5,0.132821888635729,9,0.01475798762619211,0.3333333333333333,0.1111111111111111,0.5555555555555556
Deandre Ayton,2022-10-25,64,62,53,-2.0458326537185,179,-0.011429232702337989,0.3575418994413408,0.3463687150837989,0.29608938547486036
Jrue Holiday,2022-10-25,61,4,10,16.4754789044951,75,0.2196730520599347,0.8133333333333334,0.05333333333333334,0.13333333333333333
C.J. McCollum,2022-10-25,9,3,5,0.466828734330837,17,0.027460513784166883,0.5294117647058824,0.17647058823529413,0.29411764705882354
Klay Thompson,2022-10-25,524,792,498,-56.9369581776549,1814,-0.031387518289776685,0.288864388092613,0.43660418963616315,0.2745314222712238
Marcus Smart,2022-10-25,124,24,5,23.069590695363,153,0.1507816385317843,0.8104575163398693,0.1568627450980392,0.032679738562091505
Jarrett Allen,2022-10-25,21,10,14,2.03495971289364,45,0.045221326953192,0.4666666666666667,0.2222222222222222,0.3111111111111111
RJ Barrett,2022-10-25,64,36,12,4.72096809890173,112,0.04215150088305116,0.5714285714285714,0.32142857142857145,0.10714285714285714
Cade Cunningham,2022-10-25,114,105,72,-0.414773456005313,291,-0.0014253383367880171,0.3917525773195876,0.36082474226804123,0.24742268041237114
Tyrese Haliburton,2022-10-25,27,14,25,3.11132085955769,66,0.04714122514481348,0.4090909090909091,0.21212121212121213,0.3787878787878788
Fred VanVleet,2022-10-25,16,4,4,1.61634183598762,24,0.06734757649948417,0.6666666666666666,0.16666666666666666,0.16666666666666666
Jordan Poole,2022-10-25,626,471,660,34.331983854829,1757,0.01954011602437621,0.3562891291974957,0.26807057484348323,0.37564029595902104
Stephen Curry,2022-10-26,369,245,225,21.5440437740633,839,0.025678240493520025,0.4398092967818832,0.29201430274135876,0.26817640047675806
Giannis Antetokounmpo,2022-10-26,279,99,73,23.2992306502131,451,0.051661265299807316,0.6186252771618626,0.21951219512195122,0.16186252771618626
Nikola Jokic,2022-10-26,67,62,57,0.923013485323824,186,0.004962438093138838,0.3602150537634409,0.3333333333333333,0.3064516129032258
Luka Doncic,2022-10-26,150,78,69,13.4395061559532,297,0.045250862477956906,0.5050505050505051,0.26262626262626265,0.23232323232323232
Kevin Durant,2022-10-26,311,212,168,12.8861310512876,691,0.01864852539983734,0.45007235890014474,0.3068017366136035,0.24312590448625182
Joel Embiid,2022-10-26,139,175,60,-12.7922380666739,374,-0.03420384509805856,0.3716577540106952,0.4679144385026738,0.16042780748663102
Jayson Tatum,2022-10-26,102,64,142,8.95926569626849,308,0.02908852498788471,0.33116883116883117,0.2077922077922078,0.461038961038961
LeBron James,2022-10-26,726,477,521,28.1784202838706,1724,0.016344791347952786,0.4211136890951276,0.2766821345707657,0.30220417633410673
Devin Booker,2022-10-26,863,664,531,52.5707277017771,2058,0.025544571283662342,0.4193391642371234,0.3226433430515063,0.25801749271137026
Ja Morant,2022-10-26,201,113,108,17.1663315148676,422,0.04067851069873839,0.476303317535545,0.2677725118483412,0.2559241706161137
Jimmy Butler,2022-10-26,278,81,4,45.7859418986058,363,0.12613207134602147,0.7658402203856749,0.2231404958677686,0.011019283746556474
Kawhi Leonard,2022-10-26,76,100,40,-4.94103584397407,216,-0.022875165944324396,0.35185185185185186,0.46296296296296297,0.18518518518518517
Trae Young,2022-10-26,544,181,10,69.3949132856574,735,0.09441484800769713,0.7401360544217687,0.24625850340136055,0.013605442176870748
Donovan Mitchell,2022-10-26,277,228,244,2.40386883325264,749,0.003209437694596315,0.369826435246996,0.30440587449933243,0.3257676902536716
Kyrie Irving,2022-10-26,187,138,136,7.13993474898195,461,0.015487927871978198,0.40563991323210413,0.2993492407809111,0.2950108459869848
Paul George,2022-10-26,184,119,119,10.8827964582212,422,0.025788617199576303,0.43601895734597157,0.28199052132701424,0.28199052132701424
Zach LaVine,2022-10-26,96,44,57,11.7351110671144,197,0.059569091711240606,0.4873096446700508,0.2233502538071066,0.2893401015228426
Damian Lillard,2022-10-26,154,65,106,15.654510408589,325,0.04816772433412,0.47384615384615386,0.2,0.3261538461538461
DeMar DeRozan,2022-10-26,105,60,57,8.17873410330853,222,0.03684114460949788,0.47297297297297297,0.2702702702702703,0.25675675675675674
Jaylen Brown,2022-10-26,303,438,312,-17.6408372427755,1053,-0.016752931854487656,0.28774928774928776,0.41595441595441596,0.2962962962962963
Chris Paul,2022-10-26,380,284,183,22.6374783479279,847,0.026726656845251356,0.448642266824085,0.33530106257378983,0.21605667060212513
Bradley Beal,2022-10-26,58,53,59,-0.591214165372341,170,-0.003477730384543182,0.3411764705882353,0.31176470588235294,0.34705882352941175
LaMelo Ball,2022-10-26,50,25,30,5.33584638361315,105,0.05081758460583952,0.47619047619047616,0.23809523809523808,0.2857142857142857
Pascal Siakam,2022-10-26,212,123,153,22.1353012310774,488,0.045359223834175,0.4344262295081967,0.2520491803278688,0.3135245901639344
Anthony Edwards,2022-10-26,205,137,199,11.471567686028,541,0.02120437649912754,0.3789279112754159,0.2532347504621072,0.3678373382624769
Brandon Ingram,2022-10-26,46,27,43,2.90559057270253,116,0.02504819459226319,0.39655172413793105,0.23275862068965517,0.3706896551724138
Anthony Davis,2022-10-26,420,651,437,-69.1111894298114,1508,-0.04582970121340279,0.27851458885941643,0.4316976127320955,0.28978779840848806
Khris Middleton,2022-10-26,45,28,18,3.34331264371516,91,0.036739699381485275,0.4945054945054945,0.3076923076923077,0.1978021978021978
Bam Adebayo,2022-10-26,50,33,20,0.475409022200495,103,0.004615621574762087,0.4854368932038835,0.32038834951456313,0.1941747572815534
Darius Garland,2022-10-26,76,42,31,8.81969167889129,149,0.05919256160329725,0.5100671140939598,0.28187919463087246,0.2080536912751678
Shai Gilgeous-Alexander,2022-10-26,53,32,27,4.6234038294132,112,0.04128039133404643,0.4732142857142857,0.2857142857142857,0.24107142857142858
Karl-Anthony Towns,2022-10-26,66,51,35,2.19256808188,152,0.014424790012368422,0.4342105263157895,0.3355263157894737,0.23026315789473684
James Harden,2022-10-26,282,608,20,-49.1803898259049,910,-0.05404438442407132,0.3098901098901099,0.6681318681318681,0.02197802197802198
Jamal Murray,2022-10-26,148,145,177,0.440923431042258,470,9.381349596643788e-4,0.3148936170212766,0.30851063829787234,0.37659574468085105
De’Aaron Fox,2022-10-26,26,7,11,3.50868160701718,44,0.079742763795845,0.5909090909090909,0.1590909090909091,0.25
Dejounte Murray,2022-10-26,76,58,53,0.60330791927091,187,0.003226245557598449,0.40641711229946526,0.31016042780748665,0.28342245989304815
Rudy Gobert,2022-10-26,57,57,41,-0.436039668824384,155,-0.002813159153705703,0.36774193548387096,0.36774193548387096,0.2645161290322581
Andrew Wiggins,2022-10-26,78,40,34,3.56596314052314,152,0.02346028381923118,0.5131578947368421,0.2631578947368421,0.2236842105263158
Domantas Sabonis,2022-10-26,5,2,2,0.21886972201726,9,0.024318858001917777,0.5555555555555556,0.2222222222222222,0.2222222222222222
Deandre Ayton,2022-10-26,40,22,23,1.86069408233691,85,0.021890518615728355,0.47058823529411764,0.25882352941176473,0.27058823529411763
Jrue Holiday,2022-10-26,264,53,5,58.8462225477807,322,0.18275224393720713,0.8198757763975155,0.16459627329192547,0.015527950310559006
C.J. McCollum,2022-10-26,4,2,1,0.222694398095844,7,0.03181348544226343,0.5714285714285714,0.2857142857142857,0.14285714285714285
Klay Thompson,2022-10-26,826,1019,474,-21.9404859788847,2319,-0.00946118412198564,0.3561880120741699,0.43941354031910307,0.20439844760672704
Marcus Smart,2022-10-26,96,27,5,16.3888871064255,128,0.12803818051894922,0.75,0.2109375,0.0390625
Jarrett Allen,2022-10-26,122,80,102,5.89998874979978,304,0.01940785772960454,0.40131578947368424,0.2631578947368421,0.3355263157894737
RJ Barrett,2022-10-26,126,121,53,-3.88043796633971,300,-0.012934793221132368,0.42,0.4033333333333333,0.17666666666666667
Cade Cunningham,2022-10-26,176,129,112,8.04503822746962,417,0.019292657619831222,0.42206235011990406,0.30935251798561153,0.2685851318944844
Tyrese Haliburton,2022-10-26,63,23,25,7.57303157900792,111,0.06822550972079207,0.5675675675675675,0.2072072072072072,0.22522522522522523
Fred VanVleet,2022-10-26,38,31,22,2.56437396638871,91,0.028179933696579233,0.4175824175824176,0.34065934065934067,0.24175824175824176
Jordan Poole,2022-10-26,263,207,181,13.0206180517507,651,0.020000949388249922,0.4039938556067588,0.31797235023041476,0.2780337941628264
Stephen Curry,2022-10-27,278,172,236,21.2457884238153,686,0.030970537060955247,0.40524781341107874,0.25072886297376096,0.34402332361516036
Giannis Antetokounmpo,2022-10-27,130,71,59,10.3309306155738,260,0.039734348521437694,0.5,0.27307692307692305,0.22692307692307692
Nikola Jokic,2022-10-27,151,79,106,16.3879321945256,336,0.04877360772180238,0.4494047619047619,0.23511904761904762,0.31547619047619047
Luka Doncic,2022-10-27,409,294,345,21.0027216162594,1048,0.02004076490101088,0.3902671755725191,0.28053435114503816,0.3291984732824427
Kevin Durant,2022-10-27,269,289,217,-6.25108179361865,775,-0.008065911991766,0.3470967741935484,0.37290322580645163,0.28
Joel Embiid,2022-10-27,91,98,29,-6.11741092907529,218,-0.02806151802328115,0.41743119266055045,0.44954128440366975,0.13302752293577982
Jayson Tatum,2022-10-27,93,84,97,1.53234025695394,274,0.00559248268961292,0.33941605839416056,0.30656934306569344,0.354014598540146
LeBron James,2022-10-27,129,137,134,-4.05976880256203,400,-0.010149422006405076,0.3225,0.3425,0.335
Devin Booker,2022-10-27,188,113,288,15.8892277330442,589,0.02697661754336876,0.31918505942275044,0.19185059422750425,0.48896434634974534
Ja Morant,2022-10-27,250,132,173,27.1852655284443,555,0.048982460411611355,0.45045045045045046,0.23783783783783785,0.3117117117117117
Jimmy Butler,2022-10-27,462,140,8,69.9772628839636,610,0.11471682439994034,0.7573770491803279,0.22950819672131148,0.013114754098360656
Kawhi Leonard,2022-10-27,65,67,31,-1.05094634088345,163,-0.006447523563702148,0.3987730061349693,0.4110429447852761,0.1901840490797546
Trae Young,2022-10-27,321,89,6,47.4559995610668,416,0.11407692202179519,0.7716346153846154,0.21394230769230768,0.014423076923076924
Donovan Mitchell,2022-10-27,79,47,54,6.7670168327513,180,0.037594537959729446,0.4388888888888889,0.2611111111111111,0.3
Kyrie Irving,2022-10-27,311,381,331,-7.48071660834335,1023,-0.007312528453903568,0.3040078201368524,0.3724340175953079,0.3235581622678397
Paul George,2022-10-27,300,273,255,-9.53752694293938,828,-0.011518752346545145,0.36231884057971014,0.32971014492753625,0.3079710144927536
Zach LaVine,2022-10-27,49,54,30,-2.38473239601561,133,-0.017930318767034662,0.3684210526315789,0.40601503759398494,0.22556390977443608
Damian Lillard,2022-10-27,120,201,131,3.52674633561256,452,0.007802536140735753,0.26548672566371684,0.4446902654867257,0.28982300884955753
DeMar DeRozan,2022-10-27,83,49,41,5.21069282660247,173,0.030119611714465144,0.4797687861271676,0.2832369942196532,0.23699421965317918
Jaylen Brown,2022-10-27,191,152,106,8.99040844617299,449,0.020023181394594632,0.42538975501113585,0.33853006681514475,0.23608017817371937
Chris Paul,2022-10-27,187,109,82,12.6207949501222,378,0.03338834642889471,0.4947089947089947,0.28835978835978837,0.21693121693121692
Bradley Beal,2022-10-27,23,15,12,1.15029677036149,50,0.023005935407229797,0.46,0.3,0.24
LaMelo Ball,2022-10-27,31,22,17,1.34333211101463,70,0.01919045872878043,0.44285714285714284,0.3142857142857143,0.24285714285714285
Pascal Siakam,2022-10-27,93,40,33,9.44682250551798,166,0.05690856931034928,0.5602409638554217,0.24096385542168675,0.19879518072289157
Anthony Edwards,2022-10-27,124,67,69,11.1866619395711,260,0.04302562284450423,0.47692307692307695,0.25769230769230766,0.2653846153846154
Brandon Ingram,2022-10-27,66,73,45,-2.21852003025859,184,-0.012057174077492338,0.358695652173913,0.3967391304347826,0.24456521739130435
Anthony Davis,2022-10-27,515,589,388,-19.2040480612804,1492,-0.012871345885576676,0.34517426273458446,0.3947721179624665,0.26005361930294907
Khris Middleton,2022-10-27,20,10,10,2.86934369213953,40,0.07173359230348825,0.5,0.25,0.25
Bam Adebayo,2022-10-27,71,36,31,6.00729495138942,138,0.04353112283615521,0.5144927536231884,0.2608695652173913,0.2246376811594203
Darius Garland,2022-10-27,29,37,29,-1.25534320085846,95,-0.013214138956404841,0.30526315789473685,0.3894736842105263,0.30526315789473685
Shai Gilgeous-Alexander,2022-10-27,66,30,55,4.87526532213924,151,0.0322865253121804,0.4370860927152318,0.1986754966887417,0.36423841059602646
Karl-Anthony Towns,2022-10-27,48,31,21,4.36352815159121,100,0.0436352815159121,0.48,0.31,0.21
James Harden,2022-10-27,215,398,17,-30.222528829195,630,-0.047972267982849204,0.3412698412698413,0.6317460317460317,0.026984126984126985
Jamal Murray,2022-10-27,86,68,60,7.06716779721725,214,0.03302414858512734,0.40186915887850466,0.3177570093457944,0.2803738317757009
De’Aaron Fox,2022-10-27,103,50,66,8.51212156511441,219,0.03886813500052243,0.4703196347031963,0.228310502283105,0.3013698630136986
Dejounte Murray,2022-10-27,33,14,9,1.9487614134032,56,0.03479931095362857,0.5892857142857143,0.25,0.16071428571428573
Rudy Gobert,2022-10-27,41,41,23,-1.71732153624432,105,-0.016355443202326857,0.3904761904761905,0.3904761904761905,0.21904761904761905
Andrew Wiggins,2022-10-27,164,39,64,27.2416191569792,267,0.10202853616846143,0.6142322097378277,0.14606741573033707,0.2397003745318352
Domantas Sabonis,2022-10-27,16,14,12,1.24359330449942,42,0.029609364392843333,0.38095238095238093,0.3333333333333333,0.2857142857142857
Deandre Ayton,2022-10-27,20,5,7,1.54608485729079,32,0.048315151790337185,0.625,0.15625,0.21875
Jrue Holiday,2022-10-27,59,15,0,8.37744819160443,74,0.1132087593460058,0.7972972972972973,0.20270270270270271,0
C.J. McCollum,2022-10-27,0,1,0,-0.113066754216661,1,-0.113066754216661,0,1,0
Klay Thompson,2022-10-27,190,196,140,-0.761134957530449,526,-0.001447024634088306,0.3612167300380228,0.3726235741444867,0.2661596958174905
Marcus Smart,2022-10-27,85,21,0,16.2096010115757,106,0.1529207642601481,0.8018867924528302,0.19811320754716982,0
Jarrett Allen,2022-10-27,46,27,18,3.62321432464859,91,0.03981554202910539,0.5054945054945055,0.2967032967032967,0.1978021978021978
RJ Barrett,2022-10-27,59,25,7,5.68569488355922,91,0.062480163555595825,0.6483516483516484,0.27472527472527475,0.07692307692307693
Cade Cunningham,2022-10-27,37,14,27,4.25079036832483,78,0.05449731241442089,0.47435897435897434,0.1794871794871795,0.34615384615384615
Tyrese Haliburton,2022-10-27,21,9,14,2.36441660780583,44,0.053736741086496134,0.4772727272727273,0.20454545454545456,0.3181818181818182
Fred VanVleet,2022-10-27,23,9,4,2.29545451034941,36,0.06376262528748361,0.6388888888888888,0.25,0.1111111111111111
Jordan Poole,2022-10-27,189,149,162,5.52408438242593,500,0.011048168764851861,0.378,0.298,0.324
Stephen Curry,2022-10-28,617,415,474,38.7905643200603,1506,0.025757346826069255,0.40969455511288183,0.27556440903054447,0.3147410358565737
Giannis Antetokounmpo,2022-10-28,98,63,60,1.62741432195756,221,0.007363865710215204,0.4434389140271493,0.2850678733031674,0.27149321266968324
Nikola Jokic,2022-10-28,70,30,43,5.03927924358061,143,0.0352397149900742,0.48951048951048953,0.2097902097902098,0.3006993006993007
Luka Doncic,2022-10-28,346,236,181,25.3057409766433,763,0.03316610875051546,0.4534731323722149,0.30930537352555704,0.23722149410222804
Kevin Durant,2022-10-28,187,138,131,4.96705401107165,456,0.01089266230498169,0.4100877192982456,0.3026315789473684,0.28728070175438597
Joel Embiid,2022-10-28,165,163,85,-1.16221251329203,413,-0.0028140738820630266,0.39951573849878935,0.3946731234866828,0.20581113801452786
Jayson Tatum,2022-10-28,247,149,263,16.6717556283537,659,0.025298566962600456,0.37481031866464337,0.22610015174506828,0.3990895295902883
LeBron James,2022-10-28,926,834,751,2.29359540311424,2511,9.134191171303226e-4,0.36877737953006773,0.3321385902031063,0.29908403026682595
Devin Booker,2022-10-28,241,173,241,10.2489954630746,655,0.015647321317671145,0.36793893129770994,0.2641221374045801,0.36793893129770994
Ja Morant,2022-10-28,247,221,140,-3.86507297238298,608,-0.006357027915103585,0.40625,0.36348684210526316,0.23026315789473684
Jimmy Butler,2022-10-28,209,79,6,27.4377364629313,294,0.0933256342276575,0.7108843537414966,0.2687074829931973,0.02040816326530612
Kawhi Leonard,2022-10-28,70,46,38,4.023498865353,154,0.026126616008785714,0.45454545454545453,0.2987012987012987,0.24675324675324675
Trae Young,2022-10-28,662,209,4,87.4033293196541,875,0.09988951922246184,0.7565714285714286,0.23885714285714285,0.004571428571428572
Donovan Mitchell,2022-10-28,482,357,644,31.656878728958,1483,0.021346512966256236,0.32501685772083616,0.24072825354012137,0.4342548887390425
Kyrie Irving,2022-10-28,242,275,174,-13.2409410713446,691,-0.019161998656070333,0.35021707670043417,0.3979739507959479,0.25180897250361794
Paul George,2022-10-28,199,187,130,0.101165011120527,516,1.960562231017965e-4,0.3856589147286822,0.3624031007751938,0.25193798449612403
Zach LaVine,2022-10-28,61,68,41,-1.01721033243314,170,-0.005983590190783177,0.3588235294117647,0.4,0.2411764705882353
Damian Lillard,2022-10-28,65,48,58,0.616400820839687,171,0.003604683162805187,0.38011695906432746,0.2807017543859649,0.3391812865497076
DeMar DeRozan,2022-10-28,514,171,208,88.0720428086419,893,0.09862490796040525,0.5755879059350504,0.19148936170212766,0.23292273236282196
Jaylen Brown,2022-10-28,446,386,710,13.3323958911306,1542,0.008646171135622957,0.2892347600518807,0.2503242542153048,0.4604409857328145
Chris Paul,2022-10-28,117,111,72,-3.23038654081965,300,-0.0107679551360655,0.39,0.37,0.24
Bradley Beal,2022-10-28,78,46,68,4.03881996511638,192,0.02103552065164781,0.40625,0.23958333333333334,0.3541666666666667
LaMelo Ball,2022-10-28,33,23,25,2.79222222043108,81,0.03447187926458123,0.4074074074074074,0.2839506172839506,0.30864197530864196
Pascal Siakam,2022-10-28,89,50,49,7.44187732758989,188,0.03958445387015899,0.4734042553191489,0.26595744680851063,0.26063829787234044
Anthony Edwards,2022-10-28,167,133,163,6.18667331296526,463,0.013362145384374212,0.36069114470842334,0.28725701943844495,0.35205183585313177
Brandon Ingram,2022-10-28,37,57,31,-5.0112725837768,125,-0.0400901806702144,0.296,0.456,0.248
Anthony Davis,2022-10-28,341,437,411,-30.9242027832529,1189,-0.02600858097834558,0.2867956265769554,0.3675357443229605,0.3456686291000841
Khris Middleton,2022-10-28,24,29,25,-2.45328309301798,78,-0.03145234734638436,0.3076923076923077,0.3717948717948718,0.32051282051282054
Bam Adebayo,2022-10-28,42,27,15,3.34742258581687,84,0.039850268878772264,0.5,0.32142857142857145,0.17857142857142858
Darius Garland,2022-10-28,97,58,79,7.11255146310703,234,0.030395519073106964,0.41452991452991456,0.24786324786324787,0.33760683760683763
Shai Gilgeous-Alexander,2022-10-28,26,18,16,1.08625515647216,60,0.018104252607869336,0.43333333333333335,0.3,0.26666666666666666
Karl-Anthony Towns,2022-10-28,62,43,44,1.64811307614337,149,0.011061161584854833,0.4161073825503356,0.28859060402684567,0.2953020134228188
James Harden,2022-10-28,271,481,17,-40.2908203240468,769,-0.052393784556627826,0.35240572171651496,0.6254876462938882,0.022106631989596878
Jamal Murray,2022-10-28,47,37,37,2.97784059513127,121,0.024610252852324547,0.3884297520661157,0.30578512396694213,0.30578512396694213
De’Aaron Fox,2022-10-28,52,52,42,2.66281832019121,146,0.018238481645145275,0.3561643835616438,0.3561643835616438,0.2876712328767123
Dejounte Murray,2022-10-28,99,50,47,7.55748944207712,196,0.038558619602434285,0.5051020408163265,0.25510204081632654,0.23979591836734693
Rudy Gobert,2022-10-28,156,161,130,-4.98202004460708,447,-0.011145458712767517,0.348993288590604,0.36017897091722595,0.29082774049217003
Andrew Wiggins,2022-10-28,137,55,43,19.9554784258958,235,0.08491692947189702,0.5829787234042553,0.23404255319148937,0.1829787234042553
Domantas Sabonis,2022-10-28,10,17,7,-1.3549654843979,34,-0.03985192601170294,0.29411764705882354,0.5,0.20588235294117646
Deandre Ayton,2022-10-28,38,46,30,-1.7464834671189,114,-0.015320030413323684,0.3333333333333333,0.40350877192982454,0.2631578947368421
Jrue Holiday,2022-10-28,130,19,0,34.0306938738585,149,0.22839391861650002,0.87248322147651,0.12751677852348994,0
C.J. McCollum,2022-10-28,4,3,4,-0.236136500608936,11,-0.021466954600812365,0.36363636363636365,0.2727272727272727,0.36363636363636365
Klay Thompson,2022-10-28,281,354,134,-11.5937817748004,769,-0.015076439239012224,0.36540962288686607,0.46033810143042914,0.17425227568270482
Marcus Smart,2022-10-28,374,191,29,55.2795882029203,594,0.09306327980289614,0.6296296296296297,0.32154882154882153,0.04882154882154882
Jarrett Allen,2022-10-28,125,63,82,12.2014433124108,270,0.04519053078670667,0.46296296296296297,0.23333333333333334,0.3037037037037037
RJ Barrett,2022-10-28,105,134,49,-10.0079439585565,288,-0.03474980541165452,0.3645833333333333,0.4652777777777778,0.1701388888888889
Cade Cunningham,2022-10-28,223,124,197,20.878242703348,544,0.03837912261644853,0.4099264705882353,0.22794117647058823,0.36213235294117646
Tyrese Haliburton,2022-10-28,169,56,77,23.0003283640651,302,0.07616002769557981,0.5596026490066225,0.18543046357615894,0.25496688741721857
Fred VanVleet,2022-10-28,63,61,38,-1.80381274733169,162,-0.011134646588467223,0.3888888888888889,0.3765432098765432,0.2345679012345679
Jordan Poole,2022-10-28,227,155,123,13.4449421870732,505,0.026623647895194457,0.4495049504950495,0.3069306930693069,0.24356435643564356
Stephen Curry,2022-10-29,345,243,208,17.4390914973854,796,0.021908406403750504,0.4334170854271357,0.30527638190954776,0.2613065326633166
Giannis Antetokounmpo,2022-10-29,130,55,56,16.1989528350464,241,0.0672155719296531,0.5394190871369294,0.22821576763485477,0.23236514522821577
Nikola Jokic,2022-10-29,37,14,7,2.45412680774196,58,0.04231253116796483,0.6379310344827587,0.2413793103448276,0.1206896551724138
Luka Doncic,2022-10-29,178,113,91,10.1636518331106,382,0.026606418411284295,0.46596858638743455,0.29581151832460734,0.23821989528795812
Kevin Durant,2022-10-29,218,185,165,3.11355588327046,568,0.005481612470546585,0.38380281690140844,0.3257042253521127,0.2904929577464789
Joel Embiid,2022-10-29,206,130,69,8.45151057984165,405,0.020867927357633702,0.508641975308642,0.32098765432098764,0.17037037037037037
Jayson Tatum,2022-10-29,105,41,56,10.8073270171939,202,0.05350161889699951,0.5198019801980198,0.20297029702970298,0.27722772277227725
LeBron James,2022-10-29,822,812,631,-18.6738400559795,2265,-0.008244520996017439,0.3629139072847682,0.35849889624724063,0.2785871964679912
Devin Booker,2022-10-29,88,52,66,4.10599211882184,206,0.01993200057680505,0.42718446601941745,0.2524271844660194,0.32038834951456313
Ja Morant,2022-10-29,157,157,88,-8.29084645989699,402,-0.020623996168897984,0.39054726368159204,0.39054726368159204,0.21890547263681592
Jimmy Butler,2022-10-29,238,89,2,22.2378650216292,329,0.067592294898569,0.723404255319149,0.270516717325228,0.0060790273556231
Kawhi Leonard,2022-10-29,63,72,44,-2.99905122120563,179,-0.016754476096120838,0.35195530726256985,0.4022346368715084,0.24581005586592178
Trae Young,2022-10-29,762,225,12,109.019655176747,999,0.1091287839607077,0.7627627627627628,0.22522522522522523,0.012012012012012012
Donovan Mitchell,2022-10-29,271,175,189,11.6759734628852,635,0.018387359784071182,0.4267716535433071,0.27559055118110237,0.29763779527559053
Kyrie Irving,2022-10-29,955,1618,542,-164.171141292797,3115,-0.05270341614536019,0.30658105939004815,0.5194221508828251,0.17399678972712682
Paul George,2022-10-29,184,266,132,-26.7442650063424,582,-0.04595234537172233,0.3161512027491409,0.4570446735395189,0.2268041237113402
Zach LaVine,2022-10-29,110,108,81,-5.01836731610564,299,-0.016783837177610835,0.36789297658862874,0.3612040133779264,0.2709030100334448
Damian Lillard,2022-10-29,58,17,30,5.46304600310573,105,0.052029009553387906,0.5523809523809524,0.1619047619047619,0.2857142857142857
DeMar DeRozan,2022-10-29,226,100,86,28.822496464783,412,0.06995751569122087,0.5485436893203883,0.24271844660194175,0.2087378640776699
Jaylen Brown,2022-10-29,174,86,76,18.3944607691686,336,0.054745418955858924,0.5178571428571429,0.25595238095238093,0.2261904761904762
Chris Paul,2022-10-29,848,211,183,43.0868176224053,1242,0.03469147956715402,0.6827697262479872,0.16988727858293076,0.1473429951690821
Bradley Beal,2022-10-29,28,17,23,2.97432664036282,68,0.043740097652394415,0.4117647058823529,0.25,0.3382352941176471
LaMelo Ball,2022-10-29,47,36,33,1.54334157427607,116,0.013304668743759225,0.4051724137931034,0.3103448275862069,0.28448275862068967
Pascal Siakam,2022-10-29,35,12,14,5.33111560647032,61,0.08739533781098885,0.5737704918032787,0.19672131147540983,0.22950819672131148
Anthony Edwards,2022-10-29,79,37,69,7.84875819307594,185,0.04242571996257265,0.42702702702702705,0.2,0.372972972972973
Brandon Ingram,2022-10-29,39,38,20,-1.23645449002832,97,-0.0127469535054466,0.4020618556701031,0.3917525773195876,0.20618556701030927
Anthony Davis,2022-10-29,183,261,105,-18.6386713201199,549,-0.033950220983824955,0.3333333333333333,0.47540983606557374,0.1912568306010929
Khris Middleton,2022-10-29,38,16,22,3.57292354556444,76,0.04701215191532158,0.5,0.21052631578947367,0.2894736842105263
Bam Adebayo,2022-10-29,59,41,36,0.525869452534153,136,0.003866687150986419,0.4338235294117647,0.3014705882352941,0.2647058823529412
Darius Garland,2022-10-29,35,16,27,4.16888353768171,78,0.053447224842073204,0.44871794871794873,0.20512820512820512,0.34615384615384615
Shai Gilgeous-Alexander,2022-10-29,66,33,51,6.94520539387345,150,0.046301369292489666,0.44,0.22,0.34
Karl-Anthony Towns,2022-10-29,24,10,11,2.31455471229074,45,0.051434549162016445,0.5333333333333333,0.2222222222222222,0.24444444444444444
James Harden,2022-10-29,192,441,18,-56.5894661839559,651,-0.08692698338549293,0.29493087557603687,0.6774193548387096,0.027649769585253458
Jamal Murray,2022-10-29,17,20,10,0.673172276953816,47,0.01432281440327268,0.3617021276595745,0.425531914893617,0.2127659574468085
De’Aaron Fox,2022-10-29,137,50,57,17.7708679550572,244,0.0728314260453164,0.5614754098360656,0.20491803278688525,0.2336065573770492
Dejounte Murray,2022-10-29,48,26,24,5.07574132854386,98,0.05179327886269245,0.4897959183673469,0.2653061224489796,0.24489795918367346
Rudy Gobert,2022-10-29,60,61,37,1.12434842521635,158,0.007116129273521203,0.379746835443038,0.3860759493670886,0.23417721518987342
Andrew Wiggins,2022-10-29,63,40,40,2.48373104745003,143,0.017368748583566643,0.4405594405594406,0.27972027972027974,0.27972027972027974
Domantas Sabonis,2022-10-29,36,23,27,2.34468987839582,86,0.027263835795300232,0.4186046511627907,0.26744186046511625,0.313953488372093
Deandre Ayton,2022-10-29,41,80,44,-7.20484614976279,165,-0.0436657342409866,0.24848484848484848,0.48484848484848486,0.26666666666666666
Jrue Holiday,2022-10-29,336,49,1,93.4526246062269,386,0.2421052450938521,0.8704663212435233,0.12694300518134716,0.0025906735751295338
C.J. McCollum,2022-10-29,4,0,0,0.483989103555897,4,0.12099727588897426,1,0,0
Klay Thompson,2022-10-29,160,201,115,-11.2022667219012,476,-0.023534173785506724,0.33613445378151263,0.4222689075630252,0.2415966386554622
Marcus Smart,2022-10-29,110,33,10,17.5784443067599,153,0.11489179285463987,0.7189542483660131,0.21568627450980393,0.06535947712418301
Jarrett Allen,2022-10-29,45,33,12,1.36808750039099,90,0.015200972226566556,0.5,0.36666666666666664,0.13333333333333333
RJ Barrett,2022-10-29,45,51,12,-0.412155922204853,108,-0.0038162585389338237,0.4166666666666667,0.4722222222222222,0.1111111111111111
Cade Cunningham,2022-10-29,60,20,36,7.21616291468334,116,0.06220830098864948,0.5172413793103449,0.1724137931034483,0.3103448275862069
Tyrese Haliburton,2022-10-29,145,60,64,16.7222631420453,269,0.06216454699645093,0.5390334572490706,0.22304832713754646,0.2379182156133829
Fred VanVleet,2022-10-29,20,9,20,1.06955664649476,49,0.021827686663158364,0.40816326530612246,0.1836734693877551,0.40816326530612246
Jordan Poole,2022-10-29,42,30,28,1.52944860266482,100,0.0152944860266482,0.42,0.3,0.28
Stephen Curry,2022-10-30,268,194,166,9.29036866822388,628,0.01479358068188516,0.4267515923566879,0.3089171974522293,0.2643312101910828
Giannis Antetokounmpo,2022-10-30,84,26,32,13.0815074542913,142,0.09212329193162887,0.5915492957746479,0.18309859154929578,0.22535211267605634
Nikola Jokic,2022-10-30,49,30,24,4.08438990591353,103,0.03965427093119932,0.47572815533980584,0.2912621359223301,0.23300970873786409
Luka Doncic,2022-10-30,251,157,134,12.3955330921283,542,0.02286998725484926,0.46309963099630996,0.2896678966789668,0.24723247232472326
Kevin Durant,2022-10-30,166,123,87,3.94407481075348,376,0.010489560666897553,0.44148936170212766,0.3271276595744681,0.23138297872340424
Joel Embiid,2022-10-30,111,64,31,3.42752403186963,206,0.016638466174124417,0.5388349514563107,0.3106796116504854,0.15048543689320387
Jayson Tatum,2022-10-30,181,78,167,15.967705489969,426,0.03748287673701643,0.42488262910798125,0.18309859154929578,0.392018779342723
LeBron James,2022-10-30,1010,1070,655,-27.9652840986617,2735,-0.010224966763678867,0.3692870201096892,0.3912248628884826,0.23948811700182815
Devin Booker,2022-10-30,201,109,125,34.1198299927203,435,0.07843639078786276,0.46206896551724136,0.25057471264367814,0.28735632183908044
Ja Morant,2022-10-30,90,64,49,-1.37390427557446,203,-0.006768001357509655,0.4433497536945813,0.31527093596059114,0.2413793103448276
Jimmy Butler,2022-10-30,89,36,0,9.21247494915086,125,0.07369979959320688,0.712,0.288,0
Kawhi Leonard,2022-10-30,89,105,89,-1.49139687103904,283,-0.005269953607911802,0.31448763250883394,0.3710247349823322,0.31448763250883394
Trae Young,2022-10-30,239,69,1,37.2409841875316,309,0.12052098442566861,0.7734627831715211,0.22330097087378642,0.003236245954692557
Donovan Mitchell,2022-10-30,1103,698,913,88.332195767642,2714,0.0325468665319241,0.4064112011790715,0.2571849668386146,0.33640383198231394
Kyrie Irving,2022-10-30,579,945,376,-88.8416063364632,1900,-0.046758740177085895,0.30473684210526314,0.49736842105263157,0.19789473684210526
Paul George,2022-10-30,332,378,281,-28.8301409530353,991,-0.029091968671074976,0.3350151362260343,0.38143289606458125,0.28355196770938446
Zach LaVine,2022-10-30,55,24,10,4.80172460989964,89,0.05395196190898472,0.6179775280898876,0.2696629213483146,0.11235955056179775
Damian Lillard,2022-10-30,27,13,29,2.76207297458495,69,0.04003004310992681,0.391304347826087,0.18840579710144928,0.42028985507246375
DeMar DeRozan,2022-10-30,45,21,21,5.79218365461956,87,0.06657682361631678,0.5172413793103449,0.2413793103448276,0.2413793103448276
Jaylen Brown,2022-10-30,217,95,154,20.8769101801903,466,0.04480023643817661,0.4656652360515021,0.20386266094420602,0.33047210300429186
Chris Paul,2022-10-30,274,235,130,-0.24874710915439,639,-3.89275601180579e-4,0.4287949921752739,0.3677621283255086,0.20344287949921752
Bradley Beal,2022-10-30,126,270,264,-47.4556010675763,660,-0.07190242585996409,0.19090909090909092,0.4090909090909091,0.4
LaMelo Ball,2022-10-30,22,16,21,0.672459538088126,59,0.011397619289629254,0.3728813559322034,0.2711864406779661,0.3559322033898305
Pascal Siakam,2022-10-30,24,4,17,3.08829876192332,45,0.06862886137607378,0.5333333333333333,0.08888888888888889,0.37777777777777777
Anthony Edwards,2022-10-30,121,123,118,-6.65098479207561,362,-0.018372886165954724,0.3342541436464088,0.3397790055248619,0.3259668508287293
Brandon Ingram,2022-10-30,32,42,19,-1.33436930745942,93,-0.01434805706945613,0.34408602150537637,0.45161290322580644,0.20430107526881722
Anthony Davis,2022-10-30,266,271,235,-1.08333296330285,772,-0.001403281040547733,0.344559585492228,0.35103626943005184,0.30440414507772023
Khris Middleton,2022-10-30,15,8,12,1.06403513436771,35,0.030401003839077425,0.42857142857142855,0.22857142857142856,0.34285714285714286
Bam Adebayo,2022-10-30,5,7,6,-0.186205662524189,18,-0.01034475902912161,0.2777777777777778,0.3888888888888889,0.3333333333333333
Darius Garland,2022-10-30,84,44,38,7.45389055918111,166,0.044902955175789815,0.5060240963855421,0.26506024096385544,0.2289156626506024
Shai Gilgeous-Alexander,2022-10-30,81,26,32,9.61872820469361,139,0.06919948348700439,0.5827338129496403,0.18705035971223022,0.2302158273381295
Karl-Anthony Towns,2022-10-30,36,17,28,1.97436040861964,81,0.02437481985950173,0.4444444444444444,0.20987654320987653,0.345679012345679
James Harden,2022-10-30,122,210,4,-9.94521982908324,336,-0.02959886853893821,0.3630952380952381,0.625,0.011904761904761904
Jamal Murray,2022-10-30,140,116,130,5.35674086059085,386,0.013877566996349353,0.3626943005181347,0.3005181347150259,0.33678756476683935
De’Aaron Fox,2022-10-30,22,11,8,4.18600817152729,41,0.10209776028115342,0.5365853658536586,0.2682926829268293,0.1951219512195122
Dejounte Murray,2022-10-30,19,8,7,2.22022297233419,34,0.06530067565688795,0.5588235294117647,0.23529411764705882,0.20588235294117646
Rudy Gobert,2022-10-30,69,86,45,-5.09507897379938,200,-0.0254753948689969,0.345,0.43,0.225
Andrew Wiggins,2022-10-30,41,34,29,0.890712164960598,104,0.008564540047698058,0.3942307692307692,0.3269230769230769,0.27884615384615385
Domantas Sabonis,2022-10-30,11,2,5,0.998027047724538,18,0.05544594709580766,0.6111111111111112,0.1111111111111111,0.2777777777777778
Deandre Ayton,2022-10-30,13,39,15,-4.78845252039012,67,-0.07146944060283761,0.19402985074626866,0.582089552238806,0.22388059701492538
Jrue Holiday,2022-10-30,106,8,0,25.6724078858306,114,0.22519656040202282,0.9298245614035088,0.07017543859649122,0
C.J. McCollum,2022-10-30,4,2,3,0.120073769263491,9,0.013341529918165666,0.4444444444444444,0.2222222222222222,0.3333333333333333
Klay Thompson,2022-10-30,128,134,96,-2.53381426926781,358,-0.007077693489574888,0.3575418994413408,0.3743016759776536,0.2681564245810056
Marcus Smart,2022-10-30,112,34,9,18.4839463333047,155,0.11925126666648193,0.7225806451612903,0.21935483870967742,0.05806451612903226
Jarrett Allen,2022-10-30,48,48,31,0.0821449283902758,127,6.468104597659512e-4,0.3779527559055118,0.3779527559055118,0.2440944881889764
RJ Barrett,2022-10-30,95,98,58,-1.29849416556919,251,-0.0051732835281641035,0.3784860557768924,0.3904382470119522,0.23107569721115537
Cade Cunningham,2022-10-30,161,68,126,18.069965623957,355,0.05090131161678028,0.4535211267605634,0.19154929577464788,0.35492957746478876
Tyrese Haliburton,2022-10-30,30,9,24,3.04226957154712,63,0.048289993199160636,0.47619047619047616,0.14285714285714285,0.38095238095238093
Fred VanVleet,2022-10-30,20,8,4,1.11688677648489,32,0.03490271176515281,0.625,0.25,0.125
Jordan Poole,2022-10-30,365,290,351,10.3626864670705,1006,0.010300881179990557,0.3628230616302187,0.2882703777335984,0.3489065606361829
Stephen Curry,2022-10-31,187,112,252,10.9927802148493,551,0.019950599300996918,0.3393829401088929,0.20326678765880218,0.4573502722323049
Giannis Antetokounmpo,2022-10-31,120,64,82,6.45207415562922,266,0.02425591787830534,0.45112781954887216,0.24060150375939848,0.3082706766917293
Nikola Jokic,2022-10-31,43,14,15,4.39754668855798,72,0.06107703734108305,0.5972222222222222,0.19444444444444445,0.20833333333333334
Luka Doncic,2022-10-31,193,101,71,20.433092393037,365,0.05598107504941644,0.5287671232876713,0.27671232876712326,0.19452054794520549
Kevin Durant,2022-10-31,276,127,174,27.4005278798504,577,0.047487916602860315,0.4783362218370884,0.22010398613518198,0.30155979202772965
Joel Embiid,2022-10-31,110,104,48,-1.05441575309384,262,-0.004024487607228397,0.4198473282442748,0.3969465648854962,0.183206106870229
Jayson Tatum,2022-10-31,121,38,78,18.5873563700139,237,0.07842766400849747,0.510548523206751,0.16033755274261605,0.3291139240506329
LeBron James,2022-10-31,824,678,522,14.028835622803,2024,0.006931242896641798,0.40711462450592883,0.3349802371541502,0.25790513833992096
Devin Booker,2022-10-31,160,156,83,21.6502877079956,399,0.05426137270174335,0.40100250626566414,0.39097744360902253,0.20802005012531327
Ja Morant,2022-10-31,206,150,130,0.100451098136038,486,2.0668950233752675e-4,0.42386831275720166,0.30864197530864196,0.2674897119341564
Jimmy Butler,2022-10-31,121,32,1,16.3192088841417,154,0.10596888885806298,0.7857142857142857,0.2077922077922078,0.006493506493506494
Kawhi Leonard,2022-10-31,116,132,106,-5.9289736180092,354,-0.01674851304522373,0.327683615819209,0.3728813559322034,0.2994350282485876
Trae Young,2022-10-31,682,237,10,73.8659496595782,929,0.0795112482880282,0.7341227125941873,0.25511302475780406,0.010764262648008612
Donovan Mitchell,2022-10-31,428,178,156,50.0309690779124,762,0.06565743973479318,0.5616797900262467,0.2335958005249344,0.2047244094488189
Kyrie Irving,2022-10-31,890,1049,431,-59.8876691516145,2370,-0.025269058713761394,0.3755274261603376,0.44261603375527425,0.18185654008438817
Paul George,2022-10-31,284,240,210,5.09115158276956,734,0.006936173818487139,0.3869209809264305,0.32697547683923706,0.28610354223433243
Zach LaVine,2022-10-31,24,32,35,-4.10121407387588,91,-0.04506828652610857,0.26373626373626374,0.3516483516483517,0.38461538461538464
Damian Lillard,2022-10-31,27,12,31,2.0130593737289,70,0.02875799105327,0.38571428571428573,0.17142857142857143,0.44285714285714284
DeMar DeRozan,2022-10-31,51,29,16,4.09822640656737,96,0.04268985840174344,0.53125,0.3020833333333333,0.16666666666666666
Jaylen Brown,2022-10-31,99,52,55,9.30558437208025,206,0.04517273967029248,0.48058252427184467,0.2524271844660194,0.2669902912621359
Chris Paul,2022-10-31,190,133,94,9.56936300513247,417,0.022948112722140215,0.4556354916067146,0.31894484412470026,0.22541966426858512
Bradley Beal,2022-10-31,31,46,23,-5.9077946608913,100,-0.059077946608912996,0.31,0.46,0.23
LaMelo Ball,2022-10-31,22,34,25,-1.88957949285008,81,-0.023328141887038023,0.2716049382716049,0.41975308641975306,0.30864197530864196
Pascal Siakam,2022-10-31,149,58,68,19.2843087477104,275,0.07012475908258328,0.5418181818181819,0.2109090909090909,0.24727272727272728
Anthony Edwards,2022-10-31,42,33,35,-0.210691636703499,110,-0.0019153785154863545,0.38181818181818183,0.3,0.3181818181818182
Brandon Ingram,2022-10-31,28,17,15,2.01689386208536,60,0.03361489770142267,0.4666666666666667,0.2833333333333333,0.25
Anthony Davis,2022-10-31,275,223,147,11.1731483629118,645,0.017322710640173333,0.4263565891472868,0.3457364341085271,0.22790697674418606
Khris Middleton,2022-10-31,21,19,14,1.19534527984638,54,0.02213602370085889,0.3888888888888889,0.35185185185185186,0.25925925925925924
Bam Adebayo,2022-10-31,16,3,6,2.23375649191044,25,0.0893502596764176,0.64,0.12,0.24
Darius Garland,2022-10-31,33,19,13,2.94790121602166,65,0.04535232640033323,0.5076923076923077,0.2923076923076923,0.2
Shai Gilgeous-Alexander,2022-10-31,42,23,32,4.8114258828068,97,0.049602328688729894,0.4329896907216495,0.23711340206185566,0.32989690721649484
Karl-Anthony Towns,2022-10-31,15,11,11,0.149706961637697,37,0.0040461340983161355,0.40540540540540543,0.2972972972972973,0.2972972972972973
James Harden,2022-10-31,279,443,32,-21.57886337814,754,-0.028619182199124668,0.37002652519893897,0.5875331564986738,0.042440318302387266
Jamal Murray,2022-10-31,54,38,44,2.7512815394285,136,0.020230011319327206,0.39705882352941174,0.27941176470588236,0.3235294117647059
De’Aaron Fox,2022-10-31,107,103,61,-4.30569711615634,271,-0.0158881812404293,0.3948339483394834,0.3800738007380074,0.22509225092250923
Dejounte Murray,2022-10-31,62,32,27,5.8692962316557,121,0.048506580426906615,0.512396694214876,0.2644628099173554,0.2231404958677686
Rudy Gobert,2022-10-31,36,30,47,-0.00232517821632147,113,-2.0576798374526284e-5,0.3185840707964602,0.26548672566371684,0.415929203539823
Andrew Wiggins,2022-10-31,26,16,10,1.62965490102153,52,0.03133951732733711,0.5,0.3076923076923077,0.19230769230769232
Domantas Sabonis,2022-10-31,32,19,28,2.14917476037391,79,0.027204743802201392,0.4050632911392405,0.24050632911392406,0.35443037974683544
Deandre Ayton,2022-10-31,24,24,13,0.376715993077701,61,0.006175672017667229,0.39344262295081966,0.39344262295081966,0.21311475409836064
Jrue Holiday,2022-10-31,461,37,5,134.462813637398,503,0.26732169709224257,0.9165009940357853,0.073558648111332,0.009940357852882704
Klay Thompson,2022-10-31,69,72,53,3.09041668011978,194,0.01592998288721536,0.3556701030927835,0.3711340206185567,0.27319587628865977
Marcus Smart,2022-10-31,111,22,3,24.4675037330105,136,0.17990811568390072,0.8161764705882353,0.16176470588235295,0.022058823529411766
Jarrett Allen,2022-10-31,20,15,13,0.522632342101402,48,0.010888173793779208,0.4166666666666667,0.3125,0.2708333333333333
RJ Barrett,2022-10-31,39,35,11,-0.194440494413099,85,-0.0022875352283894,0.4588235294117647,0.4117647058823529,0.12941176470588237
Cade Cunningham,2022-10-31,236,81,114,35.3394065475523,431,0.08199398270893805,0.5475638051044084,0.18793503480278423,0.26450116009280744
Tyrese Haliburton,2022-10-31,89,51,38,8.32693298551977,178,0.046780522390560506,0.5,0.28651685393258425,0.21348314606741572
Fred VanVleet,2022-10-31,41,61,40,-6.77578509452632,142,-0.0477167964403262,0.2887323943661972,0.4295774647887324,0.28169014084507044
Jordan Poole,2022-10-31,87,67,69,5.42877059418049,223,0.0243442627541726,0.3901345291479821,0.3004484304932735,0.3094170403587444
